Rk,Player,Pos,Squad,Federation,Gls,Sh,G/Sh
2,Thelo Aasgaard,MF,no Norway,UEFA,1,2,0.5
17,Ché Adams,FW,sct Scotland,UEFA,0,1,0
24,Michel Aebischer,MFFW,ch Switzerland,UEFA,0,2,0
27,Rodrigo Aguirre,FW,uy Uruguay,CONMEBOL,0,0,
31,Kristoffer Ajer,DF,no Norway,UEFA,0,2,0
32,Manuel Akanji,DF,ch Switzerland,UEFA,0,1,0
33,Nathan Aké,DF,nl Netherlands,UEFA,0,1,0
34,Yunus Akgün,MF,tr Türkiye,UEFA,0,0,
35,Maghnes Akliouche,MF,fr France,UEFA,0,0,
36,Kerem Aktürkoğlu,FW,tr Türkiye,UEFA,0,3,0
38,David Alaba,DF,at Austria,UEFA,0,2,0
39,Kerim Alajbegović,MF,ba Bosnia–Herz,UEFA,1,4,0.25
40,Jordy Alcivar,MF,ec Ecuador,CONMEBOL,0,1,0
41,Omar Alderete,DF,py Paraguay,CONMEBOL,0,1,0
45,Taha Ali,FWMF,se Sweden,UEFA,0,0,
48,Alisson,GK,br Brazil,CONMEBOL,0,0,
49,Thiago Almada,MF,ar Argentina,CONMEBOL,0,5,0
50,Miguel Almirón,MFFW,py Paraguay,CONMEBOL,0,4,0
51,Júnior Alonso,DF,py Paraguay,CONMEBOL,0,3,0
52,Barış Alper Yılmaz,MFFW,tr Türkiye,UEFA,1,2,0.5
55,Julián Álvarez,FW,ar Argentina,CONMEBOL,1,11,0.09
57,Zeki Amdouni,FWMF,ch Switzerland,UEFA,0,1,0
59,Nadiem Amiri,MF,de Germany,UEFA,0,2,0
66,Elliot Anderson,MF,eng England,UEFA,0,7,0
68,Fredrik André Bjørkan,DF,no Norway,UEFA,0,0,
69,Nilson Angulo,MF,ec Ecuador,CONMEBOL,1,2,0.5
70,Waldemar Anton,DFMF,de Germany,UEFA,0,1,0
75,Maxi Araújo,FWMF,uy Uruguay,CONMEBOL,2,4,0.5
76,Tomás Araújo,DF,pt Portugal,UEFA,0,0,
78,Álex Arce,FW,py Paraguay,CONMEBOL,0,0,
81,Jhon Arias,MF,co Colombia,CONMEBOL,1,9,0.11
82,Santiago Arias,DF,co Colombia,CONMEBOL,0,0,
83,Marko Arnautović,FW,at Austria,UEFA,2,3,0.67
89,Fredrik Aursnes,MFDF,no Norway,UEFA,0,2,0
90,Gabriel Ávalos,FW,py Paraguay,CONMEBOL,0,1,0
91,Yasin Ayari,MF,se Sweden,UEFA,2,7,0.29
92,Oğuz Aydın,DF,tr Türkiye,UEFA,0,0,
94,Kaan Ayhan,DFMF,tr Türkiye,UEFA,1,1,1
99,Álex Baena,MFFW,es Spain,UEFA,1,12,0.08
100,Esmir Bajraktarevic,MF,ba Bosnia–Herz,UEFA,0,3,0
102,Fabián Balbuena,DF,py Paraguay,CONMEBOL,0,0,
106,Valentín Barco,DFMF,ar Argentina,CONMEBOL,0,0,
107,Bradley Barcola,MF,fr France,UEFA,3,10,0.3
108,Abdülkerim Bardakcı,DF,tr Türkiye,UEFA,0,3,0
109,Ivan Bašić,MF,ba Bosnia–Herz,UEFA,0,4,0
111,Martin Baturina,MFFW,hr Croatia,UEFA,1,3,0.33
113,Samed Baždar,FW,ba Bosnia–Herz,UEFA,0,0,
117,Maximilian Beier,FWMF,de Germany,UEFA,0,0,
123,Jude Bellingham,MF,eng England,UEFA,7,19,0.37
131,Rodrigo Bentancur,MF,uy Uruguay,CONMEBOL,0,4,0
132,Patrick Berg,MF,no Norway,UEFA,0,3,0
133,Sander Berge,MF,no Norway,UEFA,0,0,
134,Lucas Bergvall,MF,se Sweden,UEFA,0,2,0
136,Alexander Bernhardsson,MF,se Sweden,UEFA,0,1,0
139,Damián Bobadilla,MF,py Paraguay,CONMEBOL,0,0,
140,Oscar Bobb,FW,no Norway,UEFA,0,4,0
154,Brian Brobbey,FW,nl Netherlands,UEFA,3,4,0.75
156,Nathaniel Brown,DF,de Germany,UEFA,1,3,0.33
158,Ante Budimir,FW,hr Croatia,UEFA,1,3,0.33
161,Dan Burn,DF,eng England,UEFA,0,0,
162,Dženis Burnić,MF,ba Bosnia–Herz,UEFA,0,1,0
163,Gustavo Caballero,FWMF,py Paraguay,CONMEBOL,0,1,0
166,Juan Cáceres,DF,py Paraguay,CONMEBOL,0,2,0
167,Sebastián Cáceres,DF,uy Uruguay,CONMEBOL,0,3,0
168,Jordy Caicedo,FW,ec Ecuador,CONMEBOL,0,1,0
169,Moisés Caicedo,MF,ec Ecuador,CONMEBOL,0,4,0
170,Uğurcan Çakır,GK,tr Türkiye,UEFA,0,0,
171,Hakan Çalhanoğlu,MF,tr Türkiye,UEFA,0,11,0
173,Jaminton Campaz,FWMF,co Colombia,CONMEBOL,1,6,0.17
174,İrfan Can Kahveci,MF,tr Türkiye,UEFA,0,0,
175,José Canale,DF,py Paraguay,CONMEBOL,0,0,
176,João Cancelo,DF,pt Portugal,UEFA,0,3,0
177,Agustín Canobbio,FW,uy Uruguay,CONMEBOL,1,4,0.25
178,Casemiro,MF,br Brazil,CONMEBOL,1,4,0.25
180,Timothy Castagne,DF,be Belgium,UEFA,0,3,0
181,Kevin Castaño,MF,co Colombia,CONMEBOL,0,0,
183,Zeki Çelik,DF,tr Türkiye,UEFA,0,1,0
184,Lukáš Červ,MF,cz Czechia,UEFA,0,3,0
186,Trevoh Chalobah,DFMF,eng England,UEFA,0,0,
187,Štěpán Chaloupek,DF,cz Czechia,UEFA,0,0,
193,Rayan Cherki,MF,fr France,UEFA,0,1,0
196,Tomáš Chorý,FW,cz Czechia,UEFA,0,0,
197,Ryan Christie,MF,sct Scotland,UEFA,0,2,0
198,Carney Chukwuemeka,MF,at Austria,UEFA,0,2,0
199,Mojmír Chytil,FW,cz Czechia,UEFA,0,0,
204,Eray Cömert,DF,ch Switzerland,UEFA,0,0,
205,Francisco Conceição,MF,pt Portugal,UEFA,0,2,0
206,Jhon Córdoba,FW,co Colombia,CONMEBOL,0,2,0
209,Diogo Costa,GK,pt Portugal,UEFA,0,0,
211,Samu Costa,MF,pt Portugal,UEFA,0,0,
212,Vladimír Coufal,MFDF,cz Czechia,UEFA,0,1,0
213,Thibaut Courtois,GK,be Belgium,UEFA,0,0,
216,Pau Cubarsí,DF,es Spain,UEFA,0,4,0
217,Andrés Cubas,MF,py Paraguay,CONMEBOL,0,1,0
218,Cucho,FWMF,co Colombia,CONMEBOL,0,1,0
219,Marc Cucurella,DF,es Spain,UEFA,0,5,0
220,Matheus Cunha,FW,br Brazil,CONMEBOL,3,11,0.27
221,Findlay Curtis,MF,sct Scotland,UEFA,0,0,
223,Diogo Dalot,DFMF,pt Portugal,UEFA,0,1,0
224,Danilo,DF,br Brazil,CONMEBOL,0,1,0
225,Kevin Danso,DF,at Austria,UEFA,0,1,0
226,Vladimír Darida,MF,cz Czechia,UEFA,0,1,0
234,Kevin De Bruyne,MF,be Belgium,UEFA,1,20,0.05
235,Maxim De Cuyper,DF,be Belgium,UEFA,0,10,0
237,Charles De Ketelaere,FWMF,be Belgium,UEFA,3,6,0.5
238,Nicolás De La Cruz,MF,uy Uruguay,CONMEBOL,0,4,0
239,Rodrigo De Paul,MF,ar Argentina,CONMEBOL,0,2,0
240,Amar Dedić,DF,ba Bosnia–Herz,UEFA,0,2,0
243,Ousmane Dembélé,MF,fr France,UEFA,6,20,0.3
244,Merih Demiral,DF,tr Türkiye,UEFA,0,6,0
245,Ermedin Demirović,FW,ba Bosnia–Herz,UEFA,0,4,0
252,Rúben Dias,DF,pt Portugal,UEFA,0,0,
257,Luis Díaz,FWMF,co Colombia,CONMEBOL,1,19,0.05
259,Lucas Digne,DF,fr France,UEFA,0,2,0
266,Jeremy Doku,MF,be Belgium,UEFA,0,3,0
268,David Douděra,MF,cz Czechia,UEFA,0,4,0
269,Désiré Doué,MF,fr France,UEFA,1,13,0.08
273,Denzel Dumfries,DFMF,nl Netherlands,UEFA,0,5,0
275,Lyndon Dykes,FWMF,sct Scotland,UEFA,0,1,0
276,Edin Džeko,FW,ba Bosnia–Herz,UEFA,0,3,0
278,Anthony Elanga,MFFW,se Sweden,UEFA,2,3,0.67
281,Eren Elmalı,DF,tr Türkiye,UEFA,0,0,
282,Nico Elvedi,DF,ch Switzerland,UEFA,0,3,0
283,Breel Embolo,FW,ch Switzerland,UEFA,2,10,0.2
284,Julio Enciso,FW,py Paraguay,CONMEBOL,1,8,0.13
285,Endrick,FW,br Brazil,CONMEBOL,0,3,0
288,Pervis Estupiñán,MF,ec Ecuador,CONMEBOL,0,0,
293,Eberechi Eze,MF,eng England,UEFA,0,5,0
294,Fabinho,DFMF,br Brazil,CONMEBOL,0,1,0
297,Henrik Falchener,DF,no Norway,UEFA,0,0,
299,Christian Fassnacht,FWMF,ch Switzerland,UEFA,0,0,
305,João Félix,MF,pt Portugal,UEFA,0,6,0
306,Lewis Ferguson,MF,sct Scotland,UEFA,0,2,0
307,Bruno Fernandes,MF,pt Portugal,UEFA,0,9,0
308,Enzo Fernández,MF,ar Argentina,CONMEBOL,2,12,0.17
309,Matias Fernandez-Pardo,FWMF,be Belgium,UEFA,0,3,0
317,Alan Franco,DF,ec Ecuador,CONMEBOL,0,0,
320,Remo Freuler,MF,ch Switzerland,UEFA,0,2,0
321,Marco Friedl,DF,at Austria,UEFA,0,0,
324,Cody Gakpo,FW,nl Netherlands,UEFA,3,10,0.3
325,Matías Galarza,MF,py Paraguay,CONMEBOL,1,2,0.5
326,Hernán Galíndez,GK,ec Ecuador,CONMEBOL,0,0,
329,Ben Gannon-Doak,MF,sct Scotland,UEFA,0,4,0
330,Eric García,DFMF,es Spain,UEFA,0,0,
331,Gavi,FW,es Spain,UEFA,0,1,0
340,Armin Gigovic,MF,ba Bosnia–Herz,UEFA,0,0,
341,Orlando Gill,GK,py Paraguay,CONMEBOL,0,0,
344,Andrés Gómez,MF,co Colombia,CONMEBOL,0,0,
345,Diego Gómez,MF,py Paraguay,CONMEBOL,0,6,0
346,Gustavo Gómez,DF,py Paraguay,CONMEBOL,0,2,0
348,Nicolás González,MF,ar Argentina,CONMEBOL,0,7,0
349,Anthony Gordon,MF,eng England,UEFA,1,6,0.17
350,Leon Goretzka,MF,de Germany,UEFA,0,2,0
354,Ryan Gravenberch,MF,nl Netherlands,UEFA,0,5,0
355,Michael Gregoritsch,FW,at Austria,UEFA,0,1,0
356,Florian Grillitsch,DFMF,at Austria,UEFA,0,0,
357,Pascal Groß,DFMF,de Germany,UEFA,0,1,0
358,Gabriel Gudmundsson,MFDF,se Sweden,UEFA,0,0,
360,Marc Guéhi,DF,eng England,UEFA,0,1,0
364,Bruno Guimarães,MF,br Brazil,CONMEBOL,0,8,0
365,Deniz Gül,FW,tr Türkiye,UEFA,0,2,0
366,Arda Güler,MF,tr Türkiye,UEFA,1,12,0.08
367,Angus Gunn,GK,sct Scotland,UEFA,0,0,
368,Malo Gusto,DF,fr France,UEFA,0,0,
371,Joško Gvardiol,DF,hr Croatia,UEFA,0,1,0
372,Viktor Gyökeres,FW,se Sweden,UEFA,1,12,0.08
374,Erling Haaland,FW,no Norway,UEFA,7,20,0.35
378,Amir Hadžiahmetović,MF,ba Bosnia–Herz,UEFA,0,0,
379,Dennis Hadžikadunić,DF,ba Bosnia–Herz,UEFA,0,0,
389,Grant Hanley,DF,sct Scotland,UEFA,0,0,
399,Jorrel Hato,DF,nl Netherlands,UEFA,0,0,
400,Kai Havertz,FW,de Germany,UEFA,3,12,0.25
402,Jan Paul van Hecke,DF,nl Netherlands,UEFA,1,3,0.33
404,Torbjørn Heggem,DF,no Norway,UEFA,0,1,0
406,Dean Henderson,GK,eng England,UEFA,0,0,
407,Jordan Henderson,MF,eng England,UEFA,0,0,
408,Jack Hendry,DF,sct Scotland,UEFA,0,0,
409,Luiz Henrique,FWMF,br Brazil,CONMEBOL,0,0,
410,Theo Hernández,DF,fr France,UEFA,0,3,0
413,Aaron Hickey,DF,sct Scotland,UEFA,0,0,
414,Isak Hien,DF,se Sweden,UEFA,0,0,
415,Piero Hincapié,DF,ec Ecuador,CONMEBOL,0,3,0
416,Adam Hložek,FW,cz Czechia,UEFA,0,3,0
417,Tomáš Holeš,DF,cz Czechia,UEFA,0,0,
419,Robin Hranáč,DF,cz Czechia,UEFA,0,0,
426,Roger Ibanez,DF,br Brazil,CONMEBOL,0,0,
428,Borja Iglesias,FW,es Spain,UEFA,0,0,
434,Alexander Isak,FW,se Sweden,UEFA,1,8,0.13
442,Cedric Itten,FWMF,ch Switzerland,UEFA,0,0,
447,Reece James,DF,eng England,UEFA,0,1,0
449,Luca Jaquez,DF,ch Switzerland,UEFA,0,0,
450,Ardon Jashari,MF,ch Switzerland,UEFA,0,2,0
459,Frenkie de Jong,MF,nl Netherlands,UEFA,0,1,0
462,Vinicius Júnior,FW,br Brazil,CONMEBOL,4,17,0.24
466,Ozan Kabak,DF,tr Türkiye,UEFA,0,0,
467,Ferdi Kadioglu,DF,tr Türkiye,UEFA,0,1,0
468,Kaku,MF,py Paraguay,CONMEBOL,0,0,
469,Saša Kalajdžić,FW,at Austria,UEFA,1,4,0.25
473,Harry Kane,FW,eng England,UEFA,6,23,0.26
478,Jesper Karlström,MF,se Sweden,UEFA,0,1,0
480,Nikola Katić,DF,ba Bosnia–Herz,UEFA,0,2,0
491,Joshua Kimmich,DF,de Germany,UEFA,0,5,0
492,Justin Kluivert,FWMF,nl Netherlands,UEFA,0,0,
493,Gregor Kobel,GK,ch Switzerland,UEFA,0,0,
494,Orkun Kökçü,MF,tr Türkiye,UEFA,0,3,0
495,Sead Kolašinac,DF,ba Bosnia–Herz,UEFA,0,0,
497,Ibrahima Konaté,DF,fr France,UEFA,0,0,
499,Manu Koné,MF,fr France,UEFA,0,6,0
500,Ezri Konsa,DF,eng England,UEFA,1,3,0.33
501,Teun Koopmeiners,DFMF,nl Netherlands,UEFA,0,2,0
504,Jules Koundé,DF,fr France,UEFA,0,2,0
505,Mateo Kovačić,MF,hr Croatia,UEFA,0,5,0
506,Matej Kovar,GK,cz Czechia,UEFA,0,0,
507,Andrej Kramarić,FWMF,hr Croatia,UEFA,0,1,0
508,Ladislav Krejčí,DF,cz Czechia,UEFA,1,5,0.2
512,Maxence Lacroix,DF,fr France,UEFA,0,0,
513,Gustaf Lagerbielke,DF,se Sweden,UEFA,0,3,0
514,Konrad Laimer,MFDF,at Austria,UEFA,0,1,0
516,Senne Lammens,GK,be Belgium,UEFA,0,0,
517,Noa Lang,FWMF,nl Netherlands,UEFA,0,0,
518,Sondre Langås,DF,no Norway,UEFA,0,0,
519,Aymeric Laporte,DF,es Spain,UEFA,0,5,0
524,Rafael Leão,MF,pt Portugal,UEFA,1,4,0.25
526,Jefferson Lerma,MF,co Colombia,CONMEBOL,0,5,0
527,Jamie Leweling,FWMF,de Germany,UEFA,0,1,0
528,Philipp Lienhart,DF,at Austria,UEFA,0,1,0
529,Victor Lindelöf,DFMF,se Sweden,UEFA,0,2,0
531,Dominik Livaković,GK,hr Croatia,UEFA,0,0,
533,Marcos Llorente,DF,es Spain,UEFA,0,0,
534,Giovani Lo Celso,MF,ar Argentina,CONMEBOL,1,1,1
538,Flaco López,FW,ar Argentina,CONMEBOL,0,1,0
540,Jhon Lucumí,DF,co Colombia,CONMEBOL,0,2,0
542,Romelu Lukaku,FW,be Belgium,UEFA,3,6,0.5
543,Dodi Lukebakio,MF,be Belgium,UEFA,0,7,0
544,Jovo Lukić,FW,ba Bosnia–Herz,UEFA,1,3,0.33
546,Alexis Mac Allister,MF,ar Argentina,CONMEBOL,1,13,0.08
547,Deiver Machado,DF,co Colombia,CONMEBOL,0,0,
550,Noni Madueke,MF,eng England,UEFA,0,6,0
552,Gabriel Magalhães,DF,br Brazil,CONMEBOL,0,1,0
553,Ermin Mahmić,MF,ba Bosnia–Herz,UEFA,2,4,0.5
556,Alexandro Maidana,DF,py Paraguay,CONMEBOL,0,0,
557,Mike Maignan,GK,fr France,UEFA,0,0,
560,Donyell Malen,FW,nl Netherlands,UEFA,0,4,0
561,Arjan Malic,DF,ba Bosnia–Herz,UEFA,0,0,
565,Juan Manuel Sanabria,DF,uy Uruguay,CONMEBOL,0,3,0
566,Johan Manzambi,MFFW,ch Switzerland,UEFA,3,6,0.5
570,Marquinhos,DF,br Brazil,CONMEBOL,0,2,0
571,Gabriel Martinelli,MF,br Brazil,CONMEBOL,1,2,0.5
574,Emiliano Martínez,GK,ar Argentina,CONMEBOL,0,0,
575,Lautaro Martínez,FW,ar Argentina,CONMEBOL,3,10,0.3
576,Lisandro Martínez,DF,ar Argentina,CONMEBOL,1,4,0.25
580,Igor Matanović,FW,hr Croatia,UEFA,0,4,0
582,Jean-Philippe Mateta,FW,fr France,UEFA,0,3,0
583,Mauricio,MF,py Paraguay,CONMEBOL,1,4,0.25
587,Kylian Mbappé,FW,fr France,UEFA,10,41,0.24
594,John McGinn,MF,sct Scotland,UEFA,1,3,0.33
595,Scott McKenna,DF,sct Scotland,UEFA,0,0,
598,Kenny McLean,MF,sct Scotland,UEFA,0,1,0
599,Scott McTominay,MF,sct Scotland,UEFA,0,8,0
600,Brandon Mechele,DF,be Belgium,UEFA,0,5,0
601,Facundo Medina,DF,ar Argentina,CONMEBOL,0,0,
602,Yaimar Medina,DFMF,ec Ecuador,CONMEBOL,0,1,0
604,Amar Memić,MF,ba Bosnia–Herz,UEFA,0,3,0
605,Memphis,FWMF,nl Netherlands,UEFA,0,0,
608,Nuno Mendes,DF,pt Portugal,UEFA,1,3,0.33
612,Mikel Merino,MF,es Spain,UEFA,2,5,0.4
613,Lionel Messi,FW,ar Argentina,CONMEBOL,8,35,0.23
615,Thomas Meunier,DF,be Belgium,UEFA,0,2,0
618,Yerry Mina,DF,co Colombia,CONMEBOL,0,0,
619,Alan Minda,MF,ec Ecuador,CONMEBOL,0,2,0
621,Luka Modrić,MF,hr Croatia,UEFA,0,1,0
626,Johan Mojica,DF,co Colombia,CONMEBOL,0,3,0
628,Nahuel Molina,DF,ar Argentina,CONMEBOL,0,1,0
631,Gonzalo Montiel,DF,ar Argentina,CONMEBOL,0,1,0
634,Diego Moreira,MF,be Belgium,UEFA,0,0,
643,Tarik Muharemovic,DF,ba Bosnia–Herz,UEFA,0,1,0
644,Miro Muheim,DFMF,ch Switzerland,UEFA,0,0,
646,Mert Müldür,DF,tr Türkiye,UEFA,0,3,0
647,Daniel Muñoz,DF,co Colombia,CONMEBOL,2,3,0.67
648,Petar Musa,FW,hr Croatia,UEFA,1,1,1
649,Jamal Musiala,MF,de Germany,UEFA,1,6,0.17
650,Fernando Muslera,GK,uy Uruguay,CONMEBOL,0,0,
651,Phillipp Mwene,DF,at Austria,UEFA,0,1,0
652,David Møller Wolfe,DF,no Norway,UEFA,0,0,
659,Dan Ndoye,MFFW,ch Switzerland,UEFA,2,16,0.13
663,Pedro Neto,MF,pt Portugal,UEFA,0,1,0
664,Manuel Neuer,GK,de Germany,UEFA,0,0,
665,João Neves,MF,pt Portugal,UEFA,1,3,0.33
666,Rúben Neves,MF,pt Portugal,UEFA,0,2,0
667,Neymar,FWMF,br Brazil,CONMEBOL,1,3,0.33
668,Nathan Ngoy,DF,be Belgium,UEFA,0,1,0
670,Gustaf Nilsson,FW,se Sweden,UEFA,0,1,0
671,Felix Nmecha,MF,de Germany,UEFA,1,8,0.13
672,Kristoffer Nordfeldt,GK,se Sweden,UEFA,0,0,
675,Matheus Nunes,DFMF,pt Portugal,UEFA,0,0,
676,Darwin Núñez,FW,uy Uruguay,CONMEBOL,0,2,0
677,Antonio Nusa,FW,no Norway,UEFA,1,6,0.17
678,Benjamin Nygren,MF,se Sweden,UEFA,0,1,0
679,Ørjan Nyland,GK,no Norway,UEFA,0,0,
681,Nico O'Reilly,DF,eng England,UEFA,0,7,0
686,Braian Ojeda,MF,py Paraguay,CONMEBOL,0,0,
687,Noah Okafor,FWMF,ch Switzerland,UEFA,0,1,0
691,Michael Olise,MF,fr France,UEFA,0,20,0
692,Mathías Olivera,DF,uy Uruguay,CONMEBOL,0,1,0
693,Dani Olmo,MF,es Spain,UEFA,0,13,0
696,Amadou Onana,MF,be Belgium,UEFA,0,2,0
699,Joel Ordóñez,DF,ec Ecuador,CONMEBOL,0,2,0
701,Nicolás Otamendi,DF,ar Argentina,CONMEBOL,0,1,0
707,Mikel Oyarzabal,FW,es Spain,UEFA,5,23,0.22
708,Salih Özcan,MF,tr Türkiye,UEFA,0,0,
709,Willian Pacho,DF,ec Ecuador,CONMEBOL,0,1,0
710,Kendry Páez,MF,ec Ecuador,CONMEBOL,0,0,
711,Exequiel Palacios,DF,ar Argentina,CONMEBOL,0,0,
712,Lucas Paquetá,MF,br Brazil,CONMEBOL,0,5,0
713,Leandro Paredes,MF,ar Argentina,CONMEBOL,0,4,0
715,Marco Pašalić,MF,hr Croatia,UEFA,0,3,0
716,Mario Pašalić,MF,hr Croatia,UEFA,0,4,0
717,Nathan Patterson,DF,sct Scotland,UEFA,0,0,
719,Aleksandar Pavlovic,MF,de Germany,UEFA,0,4,0
721,Nicolás Paz,MF,ar Argentina,CONMEBOL,0,1,0
722,Marcus Pedersen,DF,no Norway,UEFA,1,1,1
723,Pedri,MF,es Spain,UEFA,0,5,0
727,Ivan Perišić,MFDF,hr Croatia,UEFA,1,2,0.5
728,Jens Petter Hauge,DFFW,no Norway,UEFA,0,0,
730,Jordan Pickford,GK,eng England,UEFA,0,0,
736,Yéremy Pino,FWMF,es Spain,UEFA,0,0,
737,Isidro Pitta,FW,py Paraguay,CONMEBOL,0,0,
739,Gonzalo Plata,FW,ec Ecuador,CONMEBOL,1,8,0.13
740,Marin Pongračić,DF,hr Croatia,UEFA,0,1,0
741,Jackson Porozo,DF,ec Ecuador,CONMEBOL,0,0,
742,Pedro Porro,DF,es Spain,UEFA,2,7,0.29
743,Stefan Posch,DF,at Austria,UEFA,0,3,0
744,Alexander Prass,DFMF,at Austria,UEFA,0,0,
745,Ángelo Preciado,DFMF,ec Ecuador,CONMEBOL,0,0,
747,Lukáš Provod,FW,cz Czechia,UEFA,0,1,0
748,Marc Pubill,DF,es Spain,UEFA,0,0,
749,Gustavo Puerta,MF,co Colombia,CONMEBOL,0,14,0
752,Jarell Quansah,DF,eng England,UEFA,0,0,
755,Juan Quintero,FWMF,co Colombia,CONMEBOL,0,4,0
757,Adrien Rabiot,MF,fr France,UEFA,0,9,0
758,Stjepan Radeljić,DF,ba Bosnia–Herz,UEFA,0,1,0
761,Anthony Ralston,DF,sct Scotland,UEFA,0,1,0
762,Gonçalo Ramos,FW,pt Portugal,UEFA,1,2,0.5
766,Raphinha,MFFW,br Brazil,CONMEBOL,0,3,0
768,Marcus Rashford,MF,eng England,UEFA,1,12,0.08
769,Nicolas Raskin,MF,be Belgium,UEFA,0,2,0
770,David Raum,DF,de Germany,UEFA,0,1,0
772,Rayan,FWMF,br Brazil,CONMEBOL,0,5,0
775,Tijjani Reijnders,MF,nl Netherlands,UEFA,0,4,0
781,Declan Rice,MF,eng England,UEFA,1,6,0.17
783,Fabian Rieder,MFFW,ch Switzerland,UEFA,0,7,0
784,Richard Ríos,MF,co Colombia,CONMEBOL,0,5,0
786,Andy Robertson,DF,sct Scotland,UEFA,0,0,
789,Sergio Rochet,GK,uy Uruguay,CONMEBOL,0,0,
790,Rodri,MF,es Spain,UEFA,0,7,0
792,Brian Rodríguez,FWMF,uy Uruguay,CONMEBOL,0,3,0
793,James Rodríguez,FWMF,co Colombia,CONMEBOL,0,6,0
794,Kevin Rodríguez,FW,ec Ecuador,CONMEBOL,0,6,0
795,Ricardo Rodríguez,DF,ch Switzerland,UEFA,0,1,0
798,Morgan Rogers,MF,eng England,UEFA,0,3,0
799,Cristian Romero,DF,ar Argentina,CONMEBOL,1,3,0.33
801,Cristiano Ronaldo,FW,pt Portugal,UEFA,3,18,0.17
803,Marten de Roon,DFMF,nl Netherlands,UEFA,0,0,
805,Antonio Rüdiger,DF,de Germany,UEFA,0,1,0
806,Fabián Ruiz Peña,MF,es Spain,UEFA,1,8,0.13
808,Julian Ryerson,DF,no Norway,UEFA,0,0,
813,Marcel Sabitzer,MF,at Austria,UEFA,1,5,0.2
815,Michal Sadílek,MF,cz Czechia,UEFA,1,7,0.14
816,Alexis Saelemaekers,MF,be Belgium,UEFA,1,4,0.25
818,Bukayo Saka,MF,eng England,UEFA,3,13,0.23
822,William Saliba,DF,fr France,UEFA,0,1,0
824,Antonio Sanabria,FW,py Paraguay,CONMEBOL,0,0,
825,Davinson Sánchez,DF,co Colombia,CONMEBOL,0,6,0
827,Alex Sandro,DFMF,br Brazil,CONMEBOL,0,0,
828,Leroy Sané,MF,de Germany,UEFA,1,6,0.17
831,Danilo Santos,MF,br Brazil,CONMEBOL,0,2,0
832,Douglas Santos,DF,br Brazil,CONMEBOL,0,2,0
838,Patrik Schick,FW,cz Czechia,UEFA,0,2,0
839,Andreas Schjelderup,FW,no Norway,UEFA,1,3,0.33
840,Alexander Schlager,GK,at Austria,UEFA,0,0,
841,Xaver Schlager,MF,at Austria,UEFA,0,1,0
842,Nico Schlotterbeck,DF,de Germany,UEFA,1,2,0.5
843,Romano Schmid,MFFW,at Austria,UEFA,1,2,0.5
847,Nicolas Seiwald,MF,at Austria,UEFA,0,3,0
849,Egil Selvik,GK,no Norway,UEFA,0,0,
850,Ken Sema,FWMF,se Sweden,UEFA,0,1,0
851,Nélson Semedo,DFMF,pt Portugal,UEFA,0,0,
855,Marcos Senesi,DF,ar Argentina,CONMEBOL,0,1,0
860,Joaquin Seys,DF,be Belgium,UEFA,0,0,
863,Lawrence Shankland,FW,sct Scotland,UEFA,0,4,0
873,Bernardo Silva,MF,pt Portugal,UEFA,0,1,0
874,Éderson Silva,MF,br Brazil,CONMEBOL,0,2,0
875,Giuliano Simeone,FW,ar Argentina,CONMEBOL,0,1,0
877,Unai Simón,GK,es Spain,UEFA,0,0,
882,Alexandr Sojka,MFDF,cz Czechia,UEFA,0,0,
883,Ramón Sosa,FWMF,py Paraguay,CONMEBOL,0,0,
884,Tomáš Souček,MF,cz Czechia,UEFA,0,1,0
886,Djibril Sow,MF,ch Switzerland,UEFA,0,2,0
887,Çağlar Söyüncü,DF,tr Türkiye,UEFA,0,0,
888,Djed Spence,DF,eng England,UEFA,0,2,0
890,Josip Stanišić,DFMF,hr Croatia,UEFA,0,0,
891,Carl Starfelt,DF,se Sweden,UEFA,0,0,
892,Ross Stewart,FW,sct Scotland,UEFA,0,0,
893,Angelo Stiller,MF,de Germany,UEFA,0,0,
894,John Stones,DF,eng England,UEFA,0,1,0
895,Jørgen Strand Larsen,FW,no Norway,UEFA,0,2,0
896,Elliot Stroud,MF,se Sweden,UEFA,0,1,0
897,Luis Suárez,FW,co Colombia,CONMEBOL,0,9,0
898,Luka Sučić,FWMF,hr Croatia,UEFA,0,1,0
899,Petar Sučić,MFFW,hr Croatia,UEFA,1,3,0.33
902,Pavel Šulc,FW,cz Czechia,UEFA,0,2,0
904,Crysencio Summerville,FW,nl Netherlands,UEFA,2,2,1
905,Ivan Šunjić,MF,ba Bosnia–Herz,UEFA,0,1,0
907,Josip Šutalo,DF,hr Croatia,UEFA,0,1,0
911,Mattias Svanberg,MF,se Sweden,UEFA,1,3,0.33
912,Daniel Svensson,DF,se Sweden,UEFA,0,1,0
913,Alexander Sørloth,FW,no Norway,UEFA,0,5,0
915,Haris Tabaković,FW,ba Bosnia–Herz,UEFA,0,0,
917,Nicolás Tagliafico,DF,ar Argentina,CONMEBOL,0,0,
918,Jonathan Tah,DF,de Germany,UEFA,0,1,0
919,Benjamin Tahirovic,MF,ba Bosnia–Herz,UEFA,0,1,0
927,Aurélien Tchouaméni,MF,fr France,UEFA,0,3,0
928,Arthur Theate,DF,be Belgium,UEFA,0,5,0
929,Igor Thiago,FW,br Brazil,CONMEBOL,0,2,0
930,Malick Thiaw,DFMF,de Germany,UEFA,0,0,
933,Morten Thorsby,MF,no Norway,UEFA,0,0,
934,Kristian Thorstvedt,MF,no Norway,UEFA,0,3,0
935,Marcus Thuram,FWMF,fr France,UEFA,0,0,
936,Youri Tielemans,MF,be Belgium,UEFA,2,11,0.18
937,Kieran Tierney,MF,sct Scotland,UEFA,0,2,0
938,Guus Til,FWMF,nl Netherlands,UEFA,0,0,
940,Quinten Timber,MF,nl Netherlands,UEFA,0,0,
942,Ivan Toney,FW,eng England,UEFA,0,2,0
944,Félix Torres Caicedo,DF,ec Ecuador,CONMEBOL,0,0,
945,Ferran Torres,FW,es Spain,UEFA,1,14,0.07
951,Francisco Trincão,FWMF,pt Portugal,UEFA,0,1,0
952,Leandro Trossard,MFFW,be Belgium,UEFA,2,17,0.12
957,Manuel Ugarte,MF,uy Uruguay,CONMEBOL,0,3,0
958,Deniz Undav,FW,de Germany,UEFA,3,6,0.5
959,Dayot Upamecano,DF,fr France,UEFA,0,4,0
962,Can Uzun,MF,tr Türkiye,UEFA,0,4,0
963,Enner Valencia,FW,ec Ecuador,CONMEBOL,0,10,0
965,Federico Valverde,MF,uy Uruguay,CONMEBOL,0,10,0
966,Virgil van Dijk,DF,nl Netherlands,UEFA,1,2,0.5
967,Hans Vanaken,MF,be Belgium,UEFA,1,5,0.2
968,Guillermo Varela,DF,uy Uruguay,CONMEBOL,0,2,0
970,Camilo Vargas,GK,co Colombia,CONMEBOL,0,0,
972,Ruben Vargas,MF,ch Switzerland,UEFA,2,6,0.33
973,Nikola Vasilj,GK,ba Bosnia–Herz,UEFA,0,0,
976,Renato Veiga,DF,pt Portugal,UEFA,0,2,0
977,Gustavo Velásquez,DF,py Paraguay,CONMEBOL,0,0,
979,Micky van de Ven,DFMF,nl Netherlands,UEFA,0,3,0
980,Bart Verbruggen,GK,nl Netherlands,UEFA,0,0,
981,Matías Viña,DF,uy Uruguay,CONMEBOL,0,0,
982,Federico Viñas,FW,uy Uruguay,CONMEBOL,0,6,0
983,Denis Višinský,FW,cz Czechia,UEFA,0,3,0
984,Pedro Vite,MF,ec Ecuador,CONMEBOL,0,4,0
985,Vitinha,MF,pt Portugal,UEFA,0,4,0
986,Nikola Vlašić,MF,hr Croatia,UEFA,1,3,0.33
990,Luka Vušković,DF,hr Croatia,UEFA,0,0,
993,Paul Wanner,MF,at Austria,UEFA,0,1,0
996,Ollie Watkins,FWMF,eng England,UEFA,0,1,0
998,Wout Weghorst,FW,nl Netherlands,UEFA,0,0,
999,Jacob Widell Zetterström,GK,se Sweden,UEFA,0,0,
1000,Silvan Widmer,DF,ch Switzerland,UEFA,0,0,
1002,Nico Williams,MF,es Spain,UEFA,0,4,0
1004,Patrick Wimmer,FWMF,at Austria,UEFA,0,1,0
1005,Florian Wirtz,MF,de Germany,UEFA,0,10,0
1007,Axel Witsel,DFMF,be Belgium,UEFA,0,0,
1008,Nick Woltemade,FWMF,de Germany,UEFA,0,2,0
1011,Granit Xhaka,MF,ch Switzerland,UEFA,1,9,0.11
1013,Lamine Yamal,MFFW,es Spain,UEFA,1,27,0.04
1016,John Yeboah,MF,ec Ecuador,CONMEBOL,0,8,0
1018,Kenan Yıldız,MF,tr Türkiye,UEFA,0,14,0
1024,İsmail Yüksek,MF,tr Türkiye,UEFA,0,5,0
1026,Warren Zaïre-Emery,MF,fr France,UEFA,0,1,0
1027,Denis Zakaria,DF,ch Switzerland,UEFA,0,5,0
1028,Jaroslav Zelený,MF,cz Czechia,UEFA,0,1,0
1030,Besfort Zeneli,MF,se Sweden,UEFA,0,1,0
1034,David Zima,DF,cz Czechia,UEFA,0,0,
1036,Martín Zubimendi,MF,es Spain,UEFA,0,0,
1038,Martin Ødegaard,MF,no Norway,UEFA,0,9,0
1039,Leo Østigård,DF,no Norway,UEFA,1,3,0.33
