Rk,Player,Squad,90s,CrdY,CrdR,2CrdY,Fls,Code,Team,Confederation
1,Brenden Aaronson,us USA,0.8,0,0,0,2,us,USA,
2,Thelo Aasgaard,no Norway,1.0,0,0,0,0,no,Norway,UEFA
3,Hamza Abdelkarim,eg Egypt,0.7,0,0,0,2,eg,Egypt,
4,Hossam Abdelmaguid,eg Egypt,0.7,0,0,0,1,eg,Egypt,
5,Mohamed Abdelmonem,eg Egypt,0.2,0,0,0,1,eg,Egypt,
6,Ali Abdi,tn Tunisia,3.0,0,0,0,4,tn,Tunisia,
7,Saud Abdulhamid,sa Saudi Arabia,3.0,1,0,0,4,sa,Saudi Arabia,
8,Abdulla Abdullaev,uz Uzbekistan,2.0,0,0,0,5,uz,Uzbekistan,
9,Yusuf Abdurisag,qa Qatar,1.1,0,0,0,1,qa,Qatar,
10,Husam Abu Dahab,jo Jordan,2.0,1,0,0,2,jo,Jordan,
11,Mohammad Abu Hasheesh,jo Jordan,0.1,0,0,0,0,jo,Jordan,
12,Mohannad Abu Taha,jo Jordan,2.9,1,0,0,2,jo,Jordan,
13,Mo Abualnadi,jo Jordan,0.8,0,0,0,0,jo,Jordan,
14,Yazeed Abulaila,jo Jordan,3.0,0,0,0,0,jo,Jordan,
15,Mahmoud Abunada,qa Qatar,3.0,1,0,0,1,qa,Qatar,
16,Elias Achouri,tn Tunisia,0.5,0,0,0,0,tn,Tunisia,
17,Ché Adams,sct Scotland,1.6,0,0,0,4,sct,Scotland,UEFA
18,Jayden Adams,za South Africa,1.3,0,0,0,0,za,South Africa,
19,Tyler Adams,us USA,3.8,1,0,0,5,us,USA,
20,Ricardo Adé,ht Haiti,3.0,0,0,0,6,ht,Haiti,
21,Ibrahim Adel,eg Egypt,0.0,0,0,0,0,eg,Egypt,
22,Simon Adingra,ci Côte d'Ivoire,0.2,0,0,0,0,ci,Côte d'Ivoire,
23,Jonas Adjetey,gh Ghana,2.5,0,0,0,1,gh,Ghana,
24,Michel Aebischer,ch Switzerland,1.7,0,0,0,3,ch,Switzerland,UEFA
25,Akram Afif,qa Qatar,2.6,0,0,0,0,qa,Qatar,
26,Emmanuel Agbadou,ci Côte d'Ivoire,3.0,0,0,0,0,ci,Côte d'Ivoire,
27,Rodrigo Aguirre,uy Uruguay,0.0,0,0,0,0,uy,Uruguay,CONMEBOL
28,Ali Ahmed,ca Canada,2.6,0,0,0,1,ca,Canada,
29,Homam Ahmed,qa Qatar,1.4,0,1,0,4,qa,Qatar,
30,Rayan Aït-Nouri,dz Algeria,3.2,0,0,0,6,dz,Algeria,
31,Kristoffer Ajer,no Norway,5.3,1,0,0,2,no,Norway,UEFA
32,Manuel Akanji,ch Switzerland,6.7,0,0,0,4,ch,Switzerland,UEFA
33,Nathan Aké,nl Netherlands,1.9,0,0,0,2,nl,Netherlands,UEFA
34,Yunus Akgün,tr Türkiye,1.0,1,0,0,2,tr,Türkiye,UEFA
35,Maghnes Akliouche,fr France,0.1,0,0,0,0,fr,France,UEFA
36,Kerem Aktürkoğlu,tr Türkiye,1.4,0,0,0,0,tr,Türkiye,UEFA
37,Ahmed Alaaeldin,qa Qatar,0.5,0,0,0,1,qa,Qatar,
38,David Alaba,at Austria,3.1,0,0,0,2,at,Austria,UEFA
39,Kerim Alajbegović,ba Bosnia–Herz,3.1,0,0,0,4,ba,Bosnia–Herz,UEFA
40,Jordy Alcivar,ec Ecuador,0.5,1,0,0,1,ec,Ecuador,CONMEBOL
41,Omar Alderete,py Paraguay,3.6,0,0,0,2,py,Paraguay,CONMEBOL
42,Almoez Ali,qa Qatar,0.2,0,0,0,0,qa,Qatar,
43,Hussein Ali,iq Iraq,1.8,0,0,0,1,iq,Iraq,
44,Mohanad Ali,iq Iraq,0.1,0,0,0,0,iq,Iraq,
45,Taha Ali,se Sweden,0.4,0,0,0,0,se,Sweden,UEFA
46,Khojiakbar Alijonov,uz Uzbekistan,1.5,0,0,0,2,uz,Uzbekistan,
47,Ali Alipour,ir IR Iran,0.4,0,0,0,1,ir,IR Iran,
48,Alisson,br Brazil,5.0,0,0,0,0,br,Brazil,CONMEBOL
49,Thiago Almada,ar Argentina,2.7,1,0,0,2,ar,Argentina,CONMEBOL
50,Miguel Almirón,py Paraguay,3.1,1,1,0,2,py,Paraguay,CONMEBOL
51,Júnior Alonso,py Paraguay,4.3,1,0,0,3,py,Paraguay,CONMEBOL
52,Barış Alper Yılmaz,tr Türkiye,2.0,0,0,0,4,tr,Türkiye,UEFA
53,Roberto Alvarado,mx Mexico,4.8,0,0,0,3,mx,Mexico,
54,Edson Álvarez,mx Mexico,2.7,1,0,0,5,mx,Mexico,
55,Julián Álvarez,ar Argentina,6.7,0,0,0,11,ar,Argentina,CONMEBOL
56,Ayoube Amaimouni,ma Morocco,0.2,0,0,0,1,ma,Morocco,
57,Zeki Amdouni,ch Switzerland,0.8,0,0,0,5,ch,Switzerland,UEFA
58,Michael Amir Murillo,pa Panama,3.0,0,0,0,1,pa,Panama,
59,Nadiem Amiri,de Germany,0.5,0,0,0,0,de,Germany,UEFA
60,Amir Al Ammari,iq Iraq,2.7,2,0,0,3,iq,Iraq,
61,Azizbek Amonov,uz Uzbekistan,0.2,0,0,0,0,uz,Uzbekistan,
62,Mohamed Amoura,dz Algeria,0.3,0,0,0,1,dz,Algeria,
63,Sofyan Amrabat,ma Morocco,1.6,0,0,0,4,ma,Morocco,
64,Abdulelah Al-Amri,sa Saudi Arabia,2.7,1,0,0,1,sa,Saudi Arabia,
65,Youssef Amyn,iq Iraq,0.3,0,0,0,0,iq,Iraq,
66,Elliot Anderson,eng England,7.0,1,0,0,9,eng,England,UEFA
67,Andrés Andrade Cedeño,pa Panama,3.0,1,0,0,4,pa,Panama,
68,Fredrik André Bjørkan,no Norway,0.5,0,0,0,0,no,Norway,UEFA
69,Nilson Angulo,ec Ecuador,2.4,0,0,0,4,ec,Ecuador,CONMEBOL
70,Waldemar Anton,de Germany,0.6,0,0,0,3,de,Germany,UEFA
71,Jeremy Antonisse,cw Curaçao,0.8,0,0,0,0,cw,Curaçao,
72,Houssem Aouar,dz Algeria,1.9,0,0,0,1,dz,Algeria,
73,Oswin Appollis,za South Africa,2.8,0,0,0,1,za,South Africa,
74,Yazan Al-Arab,jo Jordan,3.0,1,0,0,4,jo,Jordan,
75,Maxi Araújo,uy Uruguay,2.8,0,0,0,2,uy,Uruguay,CONMEBOL
76,Tomás Araújo,pt Portugal,1.0,1,0,0,1,pt,Portugal,UEFA
77,Telmo Arcanjo,cv Cabo Verde,0.6,0,0,0,0,cv,Cabo Verde,
78,Álex Arce,py Paraguay,0.6,1,0,0,1,py,Paraguay,CONMEBOL
79,Carlens Arcus,ht Haiti,1.6,1,0,0,5,ht,Haiti,
80,Max Arfsten,us USA,0.0,0,0,0,0,us,USA,
81,Jhon Arias,co Colombia,4.2,1,0,0,5,co,Colombia,CONMEBOL
82,Santiago Arias,co Colombia,1.0,0,0,0,1,co,Colombia,CONMEBOL
83,Marko Arnautović,at Austria,1.6,1,0,0,3,at,Austria,UEFA
84,Benjamin Asare,gh Ghana,2.5,0,0,0,0,gh,Ghana,
85,Emam Ashour,eg Egypt,4.0,0,0,0,2,eg,Egypt,
86,Rustam Ashurmatov,uz Uzbekistan,2.8,0,0,0,1,uz,Uzbekistan,
87,Lawrence Ati-Zigi,gh Ghana,1.5,0,0,0,0,gh,Ghana,
88,Marwan Attia,eg Egypt,4.8,2,0,0,8,eg,Egypt,
89,Fredrik Aursnes,no Norway,3.4,0,0,0,5,no,Norway,UEFA
90,Gabriel Ávalos,py Paraguay,1.6,0,0,0,1,py,Paraguay,CONMEBOL
91,Yasin Ayari,se Sweden,3.8,1,0,0,4,se,Sweden,UEFA
92,Oğuz Aydın,tr Türkiye,1.0,0,0,0,0,tr,Türkiye,UEFA
93,Jordan Ayew,gh Ghana,3.3,0,0,0,7,gh,Ghana,
94,Kaan Ayhan,tr Türkiye,0.0,0,0,0,0,tr,Türkiye,UEFA
95,Neil El Aynaoui,ma Morocco,6.2,0,0,0,15,ma,Morocco,
96,Ali Azaizeh,jo Jordan,0.6,0,0,0,1,jo,Jordan,
97,Juninho Bacuna,cw Curaçao,2.8,2,0,0,6,cw,Curaçao,
98,Leandro Bacuna,cw Curaçao,3.0,1,0,0,3,cw,Curaçao,
99,Álex Baena,es Spain,5.3,1,0,0,13,es,Spain,UEFA
100,Esmir Bajraktarevic,ba Bosnia–Herz,2.6,0,0,0,1,ba,Bosnia–Herz,UEFA
101,Cédric Bakambu,cd Congo DR,2.1,0,0,0,2,cd,Congo DR,
102,Fabián Balbuena,py Paraguay,0.0,0,0,0,0,py,Paraguay,CONMEBOL
103,Folarin Balogun,us USA,3.5,1,1,0,3,us,USA,
104,Simon Banza,cd Congo DR,0.4,0,0,0,1,cd,Congo DR,
105,Yoel Bárcenas,pa Panama,2.8,1,0,0,3,pa,Panama,
106,Valentín Barco,ar Argentina,0.2,0,0,0,0,ar,Argentina,CONMEBOL
107,Bradley Barcola,fr France,4.3,1,0,0,5,fr,France,UEFA
108,Abdülkerim Bardakcı,tr Türkiye,2.9,0,0,0,1,tr,Türkiye,UEFA
109,Ivan Bašić,ba Bosnia–Herz,2.0,0,0,0,2,ba,Bosnia–Herz,UEFA
110,Ahmed Basil,iq Iraq,1.5,0,0,0,0,iq,Iraq,
111,Martin Baturina,hr Croatia,3.6,0,0,0,1,hr,Croatia,UEFA
112,Ibrahim Bayesh,iq Iraq,2.6,0,0,0,3,iq,Iraq,
113,Samed Baždar,ba Bosnia–Herz,0.3,0,0,0,1,ba,Bosnia–Herz,UEFA
114,Riechedly Bazoer,cw Curaçao,1.0,0,0,0,2,cw,Curaçao,
115,Patrick Beach,au Australia,4.3,0,0,0,0,au,Australia,
116,Aziz Behich,au Australia,2.4,0,0,0,1,au,Australia,
117,Maximilian Beier,de Germany,0.3,0,0,0,1,de,Germany,UEFA
118,Alireza Beiranvand,ir IR Iran,3.0,0,0,0,0,ir,IR Iran,
119,Zineddine Belaïd,dz Algeria,0.3,0,0,0,0,dz,Algeria,
120,Rafik Belghali,dz Algeria,3.7,0,0,0,4,dz,Algeria,
121,Joe Bell,nz New Zealand,2.7,0,0,0,3,nz,New Zealand,
122,Jean-Ricner Bellegarde,ht Haiti,2.9,1,0,0,4,ht,Haiti,
123,Jude Bellingham,eng England,6.8,1,0,0,9,eng,England,UEFA
124,Mortadha Ben Ouanes,tn Tunisia,0.3,0,0,0,0,tn,Tunisia,
125,Anis Ben Slimane,tn Tunisia,2.7,0,0,0,0,tn,Tunisia,
126,Oussama Benbot,dz Algeria,1.0,0,0,0,0,dz,Algeria,
127,Nadhir Benbouali,dz Algeria,0.5,0,0,0,0,dz,Algeria,
128,Gilson Benchimol,cv Cabo Verde,0.9,0,0,0,0,cv,Cabo Verde,
129,Ramy Bensebaini,dz Algeria,4.0,0,0,0,1,dz,Algeria,
130,Nabil Bentaleb,dz Algeria,3.2,0,0,0,2,dz,Algeria,
131,Rodrigo Bentancur,uy Uruguay,3.0,1,0,0,7,uy,Uruguay,CONMEBOL
132,Patrick Berg,no Norway,4.9,1,0,0,4,no,Norway,UEFA
133,Sander Berge,no Norway,5.3,0,0,0,6,no,Norway,UEFA
134,Lucas Bergvall,se Sweden,2.0,1,0,0,7,se,Sweden,UEFA
135,Sebastian Berhalter,us USA,2.1,1,0,0,5,us,USA,
136,Alexander Bernhardsson,se Sweden,2.4,0,0,0,2,se,Sweden,UEFA
137,Tyler Bindon,nz New Zealand,1.1,0,0,0,2,nz,New Zealand,
138,César Blackman,pa Panama,2.0,1,0,0,2,pa,Panama,
139,Damián Bobadilla,py Paraguay,2.1,0,0,0,1,py,Paraguay,CONMEBOL
140,Oscar Bobb,no Norway,2.5,0,0,0,1,no,Norway,UEFA
141,Moïse Bombito,ca Canada,2.1,0,0,0,2,ca,Canada,
142,Theo Bongonda,cd Congo DR,0.4,0,0,0,0,cd,Congo DR,
143,Ange-Yoan Bonny,ci Côte d'Ivoire,2.6,0,0,0,1,ci,Côte d'Ivoire,
144,Jordy Bos,au Australia,3.4,1,0,0,4,au,Australia,
145,Ayyoub Bouaddi,ma Morocco,4.2,0,0,0,3,ma,Morocco,
146,Hicham Boudaoui,dz Algeria,1.4,1,0,0,4,dz,Algeria,
147,Karim Boudiaf,qa Qatar,1.1,0,0,0,0,qa,Qatar,
148,Adil Boulbina,dz Algeria,0.2,0,0,0,0,dz,Algeria,
149,Yassine Bounou,ma Morocco,6.3,0,0,0,0,ma,Morocco,
150,Nawaf Boushal,sa Saudi Arabia,1.0,0,0,0,1,sa,Saudi Arabia,
151,Michael Boxall,nz New Zealand,2.3,0,0,0,2,nz,New Zealand,
152,Sultan Al-Brake,qa Qatar,1.6,0,0,0,2,qa,Qatar,
153,Joshua Brenet,cw Curaçao,2.0,0,0,0,0,cw,Curaçao,
154,Brian Brobbey,nl Netherlands,2.5,0,0,0,4,nl,Netherlands,UEFA
155,Dylan Bronn,tn Tunisia,0.5,0,0,0,1,tn,Tunisia,
156,Nathaniel Brown,de Germany,3.1,0,0,0,4,de,Germany,UEFA
157,Tajon Buchanan,ca Canada,4.2,0,0,0,5,ca,Canada,
158,Ante Budimir,hr Croatia,1.7,0,0,0,6,hr,Croatia,UEFA
159,Firas Al-Buraikan,sa Saudi Arabia,2.6,1,0,0,2,sa,Saudi Arabia,
160,Cameron Burgess,au Australia,1.5,0,0,0,0,au,Australia,
161,Dan Burn,eng England,0.4,0,0,0,1,eng,England,UEFA
162,Dženis Burnić,ba Bosnia–Herz,0.2,0,0,0,0,ba,Bosnia–Herz,UEFA
163,Gustavo Caballero,py Paraguay,1.1,0,0,0,2,py,Paraguay,CONMEBOL
164,Jovane Cabral,cv Cabo Verde,1.5,0,0,0,1,cv,Cabo Verde,
165,Liberato Cacace,nz New Zealand,2.4,0,0,0,1,nz,New Zealand,
166,Juan Cáceres,py Paraguay,4.8,1,0,0,9,py,Paraguay,CONMEBOL
167,Sebastián Cáceres,uy Uruguay,3.0,0,0,0,2,uy,Uruguay,CONMEBOL
168,Jordy Caicedo,ec Ecuador,0.2,0,0,0,2,ec,Ecuador,CONMEBOL
169,Moisés Caicedo,ec Ecuador,4.0,1,0,0,5,ec,Ecuador,CONMEBOL
170,Uğurcan Çakır,tr Türkiye,3.0,0,0,0,0,tr,Türkiye,UEFA
171,Hakan Çalhanoğlu,tr Türkiye,2.0,0,0,0,2,tr,Türkiye,UEFA
172,Lamine Camara,sn Senegal,2.8,1,0,0,5,sn,Senegal,
173,Jaminton Campaz,co Colombia,0.8,0,0,0,2,co,Colombia,CONMEBOL
174,İrfan Can Kahveci,tr Türkiye,0.0,0,0,0,0,tr,Türkiye,UEFA
175,José Canale,py Paraguay,1.8,0,0,0,1,py,Paraguay,CONMEBOL
176,João Cancelo,pt Portugal,3.5,0,0,0,6,pt,Portugal,UEFA
177,Agustín Canobbio,uy Uruguay,2.5,0,1,0,7,uy,Uruguay,CONMEBOL
178,Casemiro,br Brazil,4.2,2,0,0,6,br,Brazil,CONMEBOL
179,Josué Casimir,ht Haiti,2.0,1,0,0,4,ht,Haiti,
180,Timothy Castagne,be Belgium,5.3,1,0,0,7,be,Belgium,UEFA
181,Kevin Castaño,co Colombia,0.2,0,0,0,0,co,Colombia,CONMEBOL
182,Jens Castrop,kr Korea Republic,0.5,0,0,0,3,kr,Korea Republic,
183,Zeki Çelik,tr Türkiye,1.8,0,0,0,1,tr,Türkiye,UEFA
184,Lukáš Červ,cz Czechia,1.8,0,0,0,3,cz,Czechia,UEFA
185,Fares Chaïbi,dz Algeria,4.0,1,0,0,3,dz,Algeria,
186,Trevoh Chalobah,eng England,0.0,0,0,0,0,eng,England,UEFA
187,Štěpán Chaloupek,cz Czechia,1.0,0,0,0,1,cz,Czechia,UEFA
188,Mouhib Chamakh,tn Tunisia,1.0,0,0,0,0,tn,Tunisia,
189,Firas Chaouat,tn Tunisia,0.5,0,0,0,1,tn,Tunisia,
190,Luis Chávez,mx Mexico,0.3,0,0,0,1,mx,Mexico,
191,Mateo Chávez,mx Mexico,0.9,0,0,0,1,mx,Mexico,
192,Samir Chergui,dz Algeria,0.2,0,0,0,0,dz,Algeria,
193,Rayan Cherki,fr France,1.4,0,0,0,2,fr,France,UEFA
194,Mathieu Choinière,ca Canada,0.6,0,0,0,1,ca,Canada,
195,Tahith Chong,cw Curaçao,2.7,0,0,0,3,cw,Curaçao,
196,Tomáš Chorý,cz Czechia,0.3,0,0,0,2,cz,Czechia,UEFA
197,Ryan Christie,sct Scotland,1.1,1,0,0,2,sct,Scotland,UEFA
198,Carney Chukwuemeka,at Austria,0.9,0,0,0,2,at,Austria,UEFA
199,Mojmír Chytil,cz Czechia,0.1,0,0,0,1,cz,Czechia,UEFA
200,Brian Cipenga,cd Congo DR,1.6,0,0,0,2,cd,Congo DR,
201,Alessandro Circati,au Australia,4.3,1,0,0,5,au,Australia,
202,Pathé Ciss,sn Senegal,2.0,0,0,0,1,sn,Senegal,
203,Livano Comenencia,cw Curaçao,2.6,1,0,0,4,cw,Curaçao,
204,Eray Cömert,ch Switzerland,0.3,0,0,0,0,ch,Switzerland,UEFA
205,Francisco Conceição,pt Portugal,1.4,0,0,0,1,pt,Portugal,UEFA
206,Jhon Córdoba,co Colombia,1.1,0,0,0,1,co,Colombia,CONMEBOL
207,José Córdoba,pa Panama,3.0,0,0,0,5,pa,Panama,
208,Derek Cornelius,ca Canada,3.5,1,0,0,4,ca,Canada,
209,Diogo Costa,pt Portugal,5.0,0,0,0,0,pt,Portugal,UEFA
210,Nuno da Costa,cv Cabo Verde,1.8,0,0,0,0,cv,Cabo Verde,
211,Samu Costa,pt Portugal,0.2,0,0,0,0,pt,Portugal,UEFA
212,Vladimír Coufal,cz Czechia,3.0,0,0,0,4,cz,Czechia,UEFA
213,Thibaut Courtois,be Belgium,6.1,0,0,0,0,be,Belgium,UEFA
214,Maxime Crépeau,ca Canada,5.0,0,0,0,1,ca,Canada,
215,Max Crocombe,nz New Zealand,3.0,0,0,0,0,nz,New Zealand,
216,Pau Cubarsí,es Spain,8.3,1,0,0,4,es,Spain,UEFA
217,Andrés Cubas,py Paraguay,5.3,1,0,0,14,py,Paraguay,CONMEBOL
218,Cucho,co Colombia,0.6,0,0,0,0,co,Colombia,CONMEBOL
219,Marc Cucurella,es Spain,8.3,1,0,0,8,es,Spain,UEFA
220,Matheus Cunha,br Brazil,3.2,0,0,0,1,br,Brazil,CONMEBOL
221,Findlay Curtis,sct Scotland,0.1,1,0,0,1,sct,Scotland,UEFA
222,Aymen Dahmen,tn Tunisia,2.0,0,0,0,0,tn,Tunisia,
223,Diogo Dalot,pt Portugal,0.7,0,0,0,0,pt,Portugal,UEFA
224,Danilo,br Brazil,4.5,2,0,0,7,br,Brazil,CONMEBOL
225,Kevin Danso,at Austria,2.7,0,0,0,1,at,Austria,UEFA
226,Vladimír Darida,cz Czechia,0.6,0,0,0,0,cz,Czechia,UEFA
227,Jonathan David,ca Canada,4.7,1,0,0,5,ca,Canada,
228,Promise David,ca Canada,0.9,0,0,0,4,ca,Canada,
229,Alphonso Davies,ca Canada,0.2,0,0,0,0,ca,Canada,
230,Erick Davis,pa Panama,0.0,0,0,0,0,pa,Panama,
231,Nasser Al-Dawsari,sa Saudi Arabia,2.3,1,0,0,7,sa,Saudi Arabia,
232,Salem Al-Dawsari,sa Saudi Arabia,2.7,1,0,0,3,sa,Saudi Arabia,
233,Mohammad Al-Dawud,jo Jordan,0.0,0,0,0,0,jo,Jordan,
234,Kevin De Bruyne,be Belgium,4.2,1,0,0,2,be,Belgium,UEFA
235,Maxim De Cuyper,be Belgium,4.9,1,0,0,7,be,Belgium,UEFA
236,Luc De Fougerolles,ca Canada,4.1,2,0,0,8,ca,Canada,
237,Charles De Ketelaere,be Belgium,3.9,0,0,0,2,be,Belgium,UEFA
238,Nicolás De La Cruz,uy Uruguay,1.0,1,0,0,2,uy,Uruguay,CONMEBOL
239,Rodrigo De Paul,ar Argentina,5.5,1,0,0,2,ar,Argentina,CONMEBOL
240,Amar Dedić,ba Bosnia–Herz,3.0,1,0,0,6,ba,Bosnia–Herz,UEFA
241,Louicius Deedson,ht Haiti,1.2,0,0,0,3,ht,Haiti,
242,Hannes Delcroix,ht Haiti,3.0,0,0,0,1,ht,Haiti,
243,Ousmane Dembélé,fr France,6.6,0,0,0,0,fr,France,UEFA
244,Merih Demiral,tr Türkiye,2.0,0,0,0,2,tr,Türkiye,UEFA
245,Ermedin Demirović,ba Bosnia–Herz,3.9,1,0,0,11,ba,Bosnia–Herz,UEFA
246,Sergiño Dest,us USA,3.3,0,0,0,2,us,USA,
247,Frans Dhia Putros,iq Iraq,1.0,0,0,0,2,iq,Iraq,
248,Oumar Diakité,ci Côte d'Ivoire,0.3,0,0,0,0,ci,Côte d'Ivoire,
249,Amad Diallo,ci Côte d'Ivoire,2.1,0,0,0,0,ci,Côte d'Ivoire,
250,Assane Diao,sn Senegal,0.1,0,0,0,0,sn,Senegal,
251,Habib Diarra,sn Senegal,1.6,0,0,0,2,sn,Senegal,
252,Rúben Dias,pt Portugal,4.0,1,0,0,6,pt,Portugal,UEFA
253,Krépin Diatta,sn Senegal,4.3,0,0,0,4,sn,Senegal,
254,Mory Diaw,sn Senegal,2.6,0,0,0,0,sn,Senegal,
255,Brahim Díaz,ma Morocco,5.1,0,0,0,3,ma,Morocco,
256,Ismael Díaz,pa Panama,0.4,0,0,0,0,pa,Panama,
257,Luis Díaz,co Colombia,5.3,0,0,0,7,co,Colombia,CONMEBOL
258,Bamba Dieng,sn Senegal,0.1,0,0,0,0,sn,Senegal,
259,Lucas Digne,fr France,5.1,0,0,0,7,fr,France,UEFA
260,Diney,cv Cabo Verde,4.3,1,0,0,2,cv,Cabo Verde,
261,Ousmane Diomande,ci Côte d'Ivoire,1.0,0,0,0,0,ci,Côte d'Ivoire,
262,Yan Diomandé,ci Côte d'Ivoire,3.7,0,0,0,2,ci,Côte d'Ivoire,
263,Issa Diop,ma Morocco,5.3,3,0,0,4,ma,Morocco,
264,El Hadji Malick Diouf,sn Senegal,1.9,0,0,0,2,sn,Senegal,
265,Ritsu Doan,jp Japan,3.1,0,0,0,6,jp,Japan,
266,Jeremy Doku,be Belgium,3.4,0,0,0,4,be,Belgium,UEFA
267,Merchas Doski,iq Iraq,3.0,1,0,0,3,iq,Iraq,
268,David Douděra,cz Czechia,1.0,0,0,0,0,cz,Czechia,UEFA
269,Désiré Doué,fr France,4.4,0,0,0,4,fr,France,UEFA
270,Guéla Doué,ci Côte d'Ivoire,3.1,1,0,0,6,ci,Côte d'Ivoire,
271,Deroy Duarte,cv Cabo Verde,2.9,0,0,0,4,cv,Cabo Verde,
272,Laros Duarte,cv Cabo Verde,1.8,0,0,0,0,cv,Cabo Verde,
273,Denzel Dumfries,nl Netherlands,4.3,0,0,0,6,nl,Netherlands,UEFA
274,Jean-Kevin Duverne,ht Haiti,1.9,0,0,0,2,ht,Haiti,
275,Lyndon Dykes,sct Scotland,0.4,0,0,0,2,sct,Scotland,UEFA
276,Edin Džeko,ba Bosnia–Herz,2.0,1,0,0,1,ba,Bosnia–Herz,UEFA
277,Roshon van Eijma,cw Curaçao,0.2,0,0,0,0,cw,Curaçao,
278,Anthony Elanga,se Sweden,2.4,0,0,0,0,se,Sweden,UEFA
279,Meschak Elia,cd Congo DR,0.5,0,0,0,2,cd,Congo DR,
280,Callan Elliot,nz New Zealand,0.1,0,0,0,0,nz,New Zealand,
281,Eren Elmalı,tr Türkiye,1.2,1,0,0,2,tr,Türkiye,UEFA
282,Nico Elvedi,ch Switzerland,6.7,1,0,0,5,ch,Switzerland,UEFA
283,Breel Embolo,ch Switzerland,5.6,2,1,1,9,ch,Switzerland,UEFA
284,Julio Enciso,py Paraguay,4.3,0,0,0,3,py,Paraguay,CONMEBOL
285,Endrick,br Brazil,1.3,0,0,0,1,br,Brazil,CONMEBOL
286,Sherzod Esanov,uz Uzbekistan,0.0,0,0,0,0,uz,Uzbekistan,
287,Fidel Escobar,pa Panama,1.0,0,0,0,1,pa,Panama,
288,Pervis Estupiñán,ec Ecuador,1.0,0,0,0,3,ec,Ecuador,CONMEBOL
289,Derrick Etienne,ht Haiti,0.1,0,0,0,0,ht,Haiti,
290,Stephen Eustáquio,ca Canada,4.4,0,0,0,2,ca,Canada,
291,Martin Expérience,ht Haiti,3.0,0,0,0,7,ht,Haiti,
292,Saeid Ezatolahi,ir IR Iran,2.9,2,0,0,7,ir,IR Iran,
293,Eberechi Eze,eng England,2.3,0,0,0,2,eng,England,UEFA
294,Fabinho,br Brazil,0.8,1,0,0,4,br,Brazil,CONMEBOL
295,José Fajardo,pa Panama,1.7,1,0,0,4,pa,Panama,
296,Odeh Al-Fakhouri,jo Jordan,1.6,0,0,0,2,jo,Jordan,
297,Henrik Falchener,no Norway,0.7,0,0,0,0,no,Norway,UEFA
298,Marko Farji,iq Iraq,0.6,0,0,0,0,iq,Iraq,
299,Christian Fassnacht,ch Switzerland,0.1,0,0,0,0,ch,Switzerland,UEFA
300,Abdul Fatawu Issahaku,gh Ghana,1.5,1,0,0,1,gh,Ghana,
301,Ahmed Fathy,qa Qatar,1.7,2,0,0,2,qa,Qatar,
302,Hamdy Fathy,eg Egypt,2.6,1,0,0,3,eg,Egypt,
303,Ahmed Fatouh,eg Egypt,3.0,1,0,0,2,eg,Egypt,
304,Abbosbek Fayzullayev,uz Uzbekistan,2.4,0,0,0,6,uz,Uzbekistan,
305,João Félix,pt Portugal,2.2,0,0,0,3,pt,Portugal,UEFA
306,Lewis Ferguson,sct Scotland,3.0,0,0,0,5,sct,Scotland,UEFA
307,Bruno Fernandes,pt Portugal,4.7,0,0,0,2,pt,Portugal,UEFA
308,Enzo Fernández,ar Argentina,7.3,2,1,1,12,ar,Argentina,CONMEBOL
309,Matias Fernandez-Pardo,be Belgium,0.5,0,0,0,0,be,Belgium,UEFA
310,Álvaro Fidalgo,mx Mexico,1.1,0,0,0,0,mx,Mexico,
311,Sherel Floranus,cw Curaçao,3.0,0,0,0,2,cw,Curaçao,
312,Seko Fofana,ci Côte d'Ivoire,1.0,1,0,0,1,ci,Côte d'Ivoire,
313,Yahia Fofana,ci Côte d'Ivoire,4.0,0,0,0,0,ci,Côte d'Ivoire,
314,Deveron Fonville,cw Curaçao,2.7,0,0,0,2,cw,Curaçao,
315,Yassin Fortuné,ht Haiti,0.1,0,0,0,0,ht,Haiti,
316,Lyle Foster,za South Africa,0.6,0,0,0,0,za,South Africa,
317,Alan Franco,ec Ecuador,2.8,2,0,0,7,ec,Ecuador,CONMEBOL
318,Alex Freeman,us USA,4.2,0,0,0,1,us,USA,
319,Matt Freese,us USA,4.0,0,0,0,0,us,USA,
320,Remo Freuler,ch Switzerland,6.6,0,0,0,8,ch,Switzerland,UEFA
321,Marco Friedl,at Austria,0.3,0,0,0,0,at,Austria,UEFA
322,Juriën Gaari,cw Curaçao,1.8,1,0,0,4,cw,Curaçao,
323,Jassem Gaber,qa Qatar,1.7,1,0,0,7,qa,Qatar,
324,Cody Gakpo,nl Netherlands,4.1,0,0,0,3,nl,Netherlands,UEFA
325,Matías Galarza,py Paraguay,4.3,2,0,0,10,py,Paraguay,CONMEBOL
326,Hernán Galíndez,ec Ecuador,4.0,0,0,0,0,ec,Ecuador,CONMEBOL
327,Jesús Gallardo,mx Mexico,4.1,0,0,0,7,mx,Mexico,
328,Ahmed Al-Ganehi,qa Qatar,0.4,0,0,0,1,qa,Qatar,
329,Ben Gannon-Doak,sct Scotland,2.1,0,0,0,3,sct,Scotland,UEFA
330,Eric García,es Spain,0.2,0,0,0,1,es,Spain,UEFA
331,Gavi,es Spain,0.8,0,0,0,2,es,Spain,UEFA
332,Jason Geria,au Australia,0.7,0,0,0,2,au,Australia,
333,Khalid Al Ghannam,sa Saudi Arabia,0.0,0,0,0,0,sa,Saudi Arabia,
334,Ismaël Gharbi,tn Tunisia,1.4,0,0,0,0,tn,Tunisia,
335,Mehdi Ghayedi,ir IR Iran,0.5,0,0,0,2,ir,IR Iran,
336,Farés Ghedjemis,dz Algeria,0.0,0,0,0,0,dz,Algeria,
337,Saman Ghoddos,ir IR Iran,2.3,0,0,0,3,ir,IR Iran,
338,Mohammad Ghorbani,ir IR Iran,1.0,0,0,0,2,ir,IR Iran,
339,Lee Gi-hyuk,kr Korea Republic,3.0,1,0,0,2,kr,Korea Republic,
340,Armin Gigovic,ba Bosnia–Herz,0.9,0,0,0,0,ba,Bosnia–Herz,UEFA
341,Orlando Gill,py Paraguay,5.3,0,0,0,0,py,Paraguay,CONMEBOL
342,Santiago Giménez,mx Mexico,1.0,0,0,0,1,mx,Mexico,
343,Aníbal Godoy,pa Panama,0.0,0,0,0,0,pa,Panama,
344,Andrés Gómez,co Colombia,0.0,0,0,0,0,co,Colombia,CONMEBOL
345,Diego Gómez,py Paraguay,3.4,2,0,0,5,py,Paraguay,CONMEBOL
346,Gustavo Gómez,py Paraguay,5.3,0,0,0,3,py,Paraguay,CONMEBOL
347,Armando González,mx Mexico,0.2,0,0,0,1,mx,Mexico,
348,Nicolás González,ar Argentina,2.9,0,0,0,4,ar,Argentina,CONMEBOL
349,Anthony Gordon,eng England,4.4,0,0,0,4,eng,England,UEFA
350,Leon Goretzka,de Germany,1.1,0,0,0,0,de,Germany,UEFA
351,Kenji Gorré,cw Curaçao,0.2,0,0,0,0,cw,Curaçao,
352,Keisuke Gotō,jp Japan,0.1,0,0,0,0,jp,Japan,
353,Amine Gouiri,dz Algeria,2.8,0,0,0,1,dz,Algeria,
354,Ryan Gravenberch,nl Netherlands,3.8,0,0,0,5,nl,Netherlands,UEFA
355,Michael Gregoritsch,at Austria,2.1,0,0,0,1,at,Austria,UEFA
356,Florian Grillitsch,at Austria,1.0,0,0,0,3,at,Austria,UEFA
357,Pascal Groß,de Germany,0.2,0,0,0,1,de,Germany,UEFA
358,Gabriel Gudmundsson,se Sweden,3.7,1,0,0,5,se,Sweden,UEFA
359,Cho Gue-sung,kr Korea Republic,0.3,1,0,0,1,kr,Korea Republic,
360,Marc Guéhi,eng England,7.4,1,0,0,4,eng,England,UEFA
361,Evann Guessand,ci Côte d'Ivoire,0.2,0,0,0,1,ci,Côte d'Ivoire,
362,Idrissa Gueye,sn Senegal,4.0,0,0,0,2,sn,Senegal,
363,Pape Gueye,sn Senegal,2.6,1,0,0,4,sn,Senegal,
364,Bruno Guimarães,br Brazil,4.6,0,0,0,4,br,Brazil,CONMEBOL
365,Deniz Gül,tr Türkiye,0.4,0,0,0,2,tr,Türkiye,UEFA
366,Arda Güler,tr Türkiye,3.0,0,0,0,3,tr,Türkiye,UEFA
367,Angus Gunn,sct Scotland,3.0,0,0,0,0,sct,Scotland,UEFA
368,Malo Gusto,fr France,1.3,0,0,0,4,fr,France,UEFA
369,Brian Gutiérrez,mx Mexico,2.2,1,0,0,5,mx,Mexico,
370,Jorge Gutiérrez,pa Panama,1.0,0,0,0,1,pa,Panama,
371,Joško Gvardiol,hr Croatia,1.5,0,0,0,2,hr,Croatia,UEFA
372,Viktor Gyökeres,se Sweden,4.0,1,0,0,4,se,Sweden,UEFA
373,Aziz Gʻaniyev,uz Uzbekistan,1.4,0,0,0,2,uz,Uzbekistan,
374,Erling Haaland,no Norway,5.2,0,0,0,5,no,Norway,UEFA
375,Ihsan Haddad,jo Jordan,2.9,0,0,0,3,jo,Jordan,
376,Anis Hadj Moussa,dz Algeria,1.1,0,0,0,0,dz,Algeria,
377,Jaouen Hadjam,dz Algeria,1.2,0,0,0,0,dz,Algeria,
378,Amir Hadžiahmetović,ba Bosnia–Herz,0.1,0,0,0,0,ba,Bosnia–Herz,UEFA
379,Dennis Hadžikadunić,ba Bosnia–Herz,0.3,0,0,0,1,ba,Bosnia–Herz,UEFA
380,Karim Hafez,eg Egypt,1.9,0,0,0,1,eg,Egypt,
381,Ehsan Hajsafi,ir IR Iran,1.0,1,0,0,2,ir,IR Iran,
382,Achraf Hakimi,ma Morocco,6.3,1,0,0,7,ma,Morocco,
383,Redouane Halhal,ma Morocco,2.0,1,0,0,3,ma,Morocco,
384,Ali Al Hamadi,iq Iraq,2.0,0,0,0,1,iq,Iraq,
385,Abdullah Al-Hamdan,sa Saudi Arabia,0.8,0,0,0,2,sa,Saudi Arabia,
386,Mohamed Amine Ben Hamida,tn Tunisia,2.2,0,0,0,3,tn,Tunisia,
387,Odiljon Hamrobekov,uz Uzbekistan,0.9,1,0,0,1,uz,Uzbekistan,
388,Lee Han-beom,kr Korea Republic,3.0,0,0,0,7,kr,Korea Republic,
389,Grant Hanley,sct Scotland,2.0,0,0,0,1,sct,Scotland,UEFA
390,Sontje Hansen,cw Curaçao,0.5,0,0,0,0,cw,Curaçao,
391,Mohamed Hany,eg Egypt,5.3,0,0,0,2,eg,Egypt,
392,Moteb Al-Harbi,sa Saudi Arabia,2.1,0,0,0,0,sa,Saudi Arabia,
393,Saleh Hardani,ir IR Iran,1.0,0,0,0,0,ir,IR Iran,
394,Carlos Harvey,pa Panama,3.0,1,0,0,8,pa,Panama,
395,Akam Hashim,iq Iraq,3.0,0,0,0,0,iq,Iraq,
396,Haissem Hassan,eg Egypt,1.4,2,0,0,2,eg,Egypt,
397,Jalal Hassan,iq Iraq,1.5,0,0,0,0,iq,Iraq,
398,Abdulaziz Hatem,qa Qatar,0.5,0,0,0,1,qa,Qatar,
399,Jorrel Hato,nl Netherlands,0.4,0,0,0,0,nl,Netherlands,UEFA
400,Kai Havertz,de Germany,3.9,1,0,0,3,de,Germany,UEFA
401,Hassan Al-Haydos,qa Qatar,0.6,0,0,0,1,qa,Qatar,
402,Jan Paul van Hecke,nl Netherlands,4.3,0,0,0,4,nl,Netherlands,UEFA
403,Hwang Hee-chan,kr Korea Republic,1.2,0,0,0,1,kr,Korea Republic,
404,Torbjørn Heggem,no Norway,4.9,0,0,0,2,no,Norway,UEFA
405,Alaa Al Hejji,sa Saudi Arabia,0.4,0,0,0,0,sa,Saudi Arabia,
406,Dean Henderson,eng England,1.0,0,0,0,0,eng,England,UEFA
407,Jordan Henderson,eng England,0.1,1,0,0,0,eng,England,UEFA
408,Jack Hendry,sct Scotland,3.0,0,0,0,1,sct,Scotland,UEFA
409,Luiz Henrique,br Brazil,0.3,0,0,0,0,br,Brazil,CONMEBOL
410,Theo Hernández,fr France,2.9,0,0,0,2,fr,France,UEFA
411,Lucas Herrington,au Australia,2.3,0,0,0,2,au,Australia,
412,Son Heung-min,kr Korea Republic,1.9,0,0,0,0,kr,Korea Republic,
413,Aaron Hickey,sct Scotland,0.8,1,0,0,2,sct,Scotland,UEFA
414,Isak Hien,se Sweden,2.4,1,0,0,3,se,Sweden,UEFA
415,Piero Hincapié,ec Ecuador,3.8,1,1,0,5,ec,Ecuador,CONMEBOL
416,Adam Hložek,cz Czechia,1.7,0,0,0,4,cz,Czechia,UEFA
417,Tomáš Holeš,cz Czechia,1.7,0,0,0,2,cz,Czechia,UEFA
418,Amirhossein Hosseinzadeh,ir IR Iran,0.2,0,0,0,0,ir,IR Iran,
419,Robin Hranáč,cz Czechia,3.0,0,0,0,6,cz,Czechia,UEFA
420,Ajdin Hrustic,au Australia,0.9,0,0,0,1,au,Australia,
421,César Huerta,mx Mexico,0.1,0,0,0,0,mx,Mexico,
422,Al-Hashmi Al-Hussain,qa Qatar,0.4,0,0,0,2,qa,Qatar,
423,Ayman Hussein,iq Iraq,1.3,0,0,0,2,iq,Iraq,
424,Oh Hyeon-gyu,kr Korea Republic,1.4,0,0,0,0,kr,Korea Republic,
425,Yang Hyun-jun,kr Korea Republic,0.2,0,0,0,1,kr,Korea Republic,
426,Roger Ibanez,br Brazil,0.5,1,0,0,2,br,Brazil,CONMEBOL
427,Yasser Ibrahim,eg Egypt,5.2,2,0,0,6,eg,Egypt,
428,Borja Iglesias,es Spain,0.0,0,0,0,0,es,Spain,UEFA
429,Hwang In-beom,kr Korea Republic,2.9,0,0,0,1,kr,Korea Republic,
430,Christ Inao Oulaï,ci Côte d'Ivoire,2.3,0,0,0,3,ci,Côte d'Ivoire,
431,Zidane Iqbal,iq Iraq,2.1,0,0,0,1,iq,Iraq,
432,Nestory Irankunda,au Australia,2.9,0,0,0,4,au,Australia,
433,Jackson Irvine,au Australia,2.5,1,0,0,3,au,Australia,
434,Alexander Isak,se Sweden,4.0,0,0,0,4,se,Sweden,UEFA
435,Wilson Isidor,ht Haiti,2.1,0,0,0,3,ht,Haiti,
436,Jamshid Iskanderov,uz Uzbekistan,0.1,0,0,0,0,uz,Uzbekistan,
437,Zaid Ismail,iq Iraq,1.3,0,0,0,2,iq,Iraq,
438,Ko Itakura,jp Japan,1.4,0,0,0,1,jp,Japan,
439,Jacob Italiano,au Australia,1.8,1,0,0,0,au,Australia,
440,Hiroki Ito,jp Japan,4.0,0,0,0,7,jp,Japan,
441,Junya Itō,jp Japan,2.4,0,0,0,2,jp,Japan,
442,Cedric Itten,ch Switzerland,0.5,0,0,0,4,ch,Switzerland,UEFA
443,Nicolas Jackson,sn Senegal,2.6,0,0,0,2,sn,Senegal,
444,Lee Jae-sung,kr Korea Republic,1.3,0,0,0,1,kr,Korea Republic,
445,Alireza Jahanbakhsh,ir IR Iran,0.5,0,0,0,2,ir,IR Iran,
446,Ismail Jakobs,sn Senegal,2.4,0,0,0,2,sn,Senegal,
447,Reece James,eng England,3.5,0,0,0,3,eng,England,UEFA
448,Amer Jamous,jo Jordan,0.2,0,0,0,1,jo,Jordan,
449,Luca Jaquez,ch Switzerland,0.9,0,0,0,3,ch,Switzerland,UEFA
450,Ardon Jashari,ch Switzerland,0.8,0,0,0,2,ch,Switzerland,UEFA
451,Ali Jasim,iq Iraq,1.4,0,0,0,1,iq,Iraq,
452,Danley Jean-Jacques,ht Haiti,2.9,1,0,0,5,ht,Haiti,
453,Eom Ji-sung,kr Korea Republic,0.5,0,0,0,0,kr,Korea Republic,
454,Raúl Jiménez,mx Mexico,3.5,0,0,0,7,mx,Mexico,
455,Kim Jin-gyu,kr Korea Republic,0.6,0,0,0,0,kr,Korea Republic,
456,Park Jinseob,kr Korea Republic,0.4,0,0,0,0,kr,Korea Republic,
457,Ruslanbek Jiyanov,uz Uzbekistan,0.0,0,0,0,0,uz,Uzbekistan,
458,Alistair Johnston,ca Canada,5.0,1,0,0,5,ca,Canada,
459,Frenkie de Jong,nl Netherlands,3.6,0,0,0,6,nl,Netherlands,UEFA
460,Lenny Joseph,ht Haiti,1.3,0,0,0,6,ht,Haiti,
461,Edmilson Junior,qa Qatar,2.3,0,0,0,4,qa,Qatar,
462,Vinicius Júnior,br Brazil,4.9,0,0,0,4,br,Brazil,CONMEBOL
463,Elijah Just,nz New Zealand,2.9,1,0,0,3,nz,New Zealand,
464,Musab Al Juwayr,sa Saudi Arabia,1.7,0,0,0,1,sa,Saudi Arabia,
465,Ayoub El Kaabi,ma Morocco,0.8,0,0,0,1,ma,Morocco,
466,Ozan Kabak,tr Türkiye,1.0,0,0,0,3,tr,Türkiye,UEFA
467,Ferdi Kadioglu,tr Türkiye,1.8,0,0,0,0,tr,Türkiye,UEFA
468,Kaku,py Paraguay,0.1,0,0,0,1,py,Paraguay,CONMEBOL
469,Saša Kalajdžić,at Austria,0.9,0,0,0,2,at,Austria,UEFA
470,Gédéon Kalulu,cd Congo DR,0.1,0,0,0,0,cd,Congo DR,
471,Daichi Kamada,jp Japan,3.7,1,0,0,2,jp,Japan,
472,Hossein Kanaanizadegan,ir IR Iran,1.5,1,0,0,1,ir,IR Iran,
473,Harry Kane,eng England,7.2,0,0,0,8,eng,England,UEFA
474,Lee Kang-in,kr Korea Republic,3.0,1,0,0,1,kr,Korea Republic,
475,Mohamed Kanno,sa Saudi Arabia,2.5,1,0,0,5,sa,Saudi Arabia,
476,Steve Kapuadi,cd Congo DR,2.0,0,0,0,2,cd,Congo DR,
477,Bekhruz Karimov,uz Uzbekistan,2.0,0,0,0,8,uz,Uzbekistan,
478,Jesper Karlström,se Sweden,1.5,0,0,0,3,se,Sweden,UEFA
479,Gervane Kastaneer,cw Curaçao,0.3,2,0,0,2,cw,Curaçao,
480,Nikola Katić,ba Bosnia–Herz,3.5,1,0,0,4,ba,Bosnia–Herz,UEFA
481,Edo Kayembe,cd Congo DR,1.8,0,0,0,5,cd,Congo DR,
482,Joris Kayembe,cd Congo DR,0.5,0,0,0,0,cd,Congo DR,
483,Franck Kessié,ci Côte d'Ivoire,3.8,1,0,0,7,ci,Côte d'Ivoire,
484,Abdullah Al-Khaibari,sa Saudi Arabia,2.0,0,0,0,0,sa,Saudi Arabia,
485,Shoja' Khalilzadeh,ir IR Iran,3.0,1,0,0,4,ir,IR Iran,
486,Dostonbek Khamdamov,uz Uzbekistan,1.1,0,0,0,1,uz,Uzbekistan,
487,Bilal El Khannouss,ma Morocco,5.1,1,0,0,5,ma,Morocco,
488,Rani Khedira,tn Tunisia,1.7,1,0,0,3,tn,Tunisia,
489,Boualem Khoukhi,qa Qatar,3.0,0,0,0,2,qa,Qatar,
490,Abdukodir Khusanov,uz Uzbekistan,3.0,2,0,0,6,uz,Uzbekistan,
491,Joshua Kimmich,de Germany,3.9,0,0,0,0,de,Germany,UEFA
492,Justin Kluivert,nl Netherlands,0.3,0,0,0,0,nl,Netherlands,UEFA
493,Gregor Kobel,ch Switzerland,6.7,0,0,0,0,ch,Switzerland,UEFA
494,Orkun Kökçü,tr Türkiye,1.7,0,0,0,2,tr,Türkiye,UEFA
495,Sead Kolašinac,ba Bosnia–Herz,3.7,0,0,0,6,ba,Bosnia–Herz,UEFA
496,Ghislain Konan,ci Côte d'Ivoire,3.0,0,0,0,0,ci,Côte d'Ivoire,
497,Ibrahima Konaté,fr France,0.7,0,0,0,2,fr,France,UEFA
498,Ismaël Koné,ca Canada,1.6,0,0,0,1,ca,Canada,
499,Manu Koné,fr France,4.3,1,0,0,6,fr,France,UEFA
500,Ezri Konsa,eng England,7.2,0,0,0,8,eng,England,UEFA
501,Teun Koopmeiners,nl Netherlands,1.4,0,0,0,3,nl,Netherlands,UEFA
502,Odilon Kossounou,ci Côte d'Ivoire,3.0,0,0,0,0,ci,Côte d'Ivoire,
503,Kalidou Koulibaly,sn Senegal,1.8,0,0,0,0,sn,Senegal,
504,Jules Koundé,fr France,6.7,0,0,0,6,fr,France,UEFA
505,Mateo Kovačić,hr Croatia,3.0,0,0,0,3,hr,Croatia,UEFA
506,Matej Kovar,cz Czechia,3.0,0,0,0,0,cz,Czechia,UEFA
507,Andrej Kramarić,hr Croatia,0.7,0,0,0,0,hr,Croatia,UEFA
508,Ladislav Krejčí,cz Czechia,3.0,1,0,0,6,cz,Czechia,UEFA
509,Takefusa Kubo,jp Japan,0.8,0,0,0,1,jp,Japan,
510,Brandley Kuwas,cw Curaçao,0.0,0,0,0,0,cw,Curaçao,
511,Prince Kwabena Adu,gh Ghana,0.4,0,0,0,4,gh,Ghana,
512,Maxence Lacroix,fr France,2.7,0,0,0,5,fr,France,UEFA
513,Gustaf Lagerbielke,se Sweden,4.0,0,0,0,1,se,Sweden,UEFA
514,Konrad Laimer,at Austria,4.0,1,0,0,6,at,Austria,UEFA
515,Ali Lajami,sa Saudi Arabia,1.7,0,0,0,0,sa,Saudi Arabia,
516,Senne Lammens,be Belgium,0.2,0,0,0,0,be,Belgium,UEFA
517,Noa Lang,nl Netherlands,0.1,0,0,0,0,nl,Netherlands,UEFA
518,Sondre Langås,no Norway,0.3,0,0,0,0,no,Norway,UEFA
519,Aymeric Laporte,es Spain,8.1,1,0,0,5,es,Spain,UEFA
520,Cyle Larin,ca Canada,2.1,2,0,0,5,ca,Canada,
521,Richie Laryea,ca Canada,4.8,1,0,0,8,ca,Canada,
522,Mohanad Lasheen,eg Egypt,4.0,2,0,0,5,eg,Egypt,
523,Issa Laye,qa Qatar,3.0,0,0,0,0,qa,Qatar,
524,Rafael Leão,pt Portugal,1.8,0,0,0,1,pt,Portugal,UEFA
525,Mathew Leckie,au Australia,0.7,0,0,0,1,au,Australia,
526,Jefferson Lerma,co Colombia,4.6,1,0,0,6,co,Colombia,CONMEBOL
527,Jamie Leweling,de Germany,0.3,0,0,0,0,de,Germany,UEFA
528,Philipp Lienhart,at Austria,2.0,0,0,0,0,at,Austria,UEFA
529,Victor Lindelöf,se Sweden,4.0,0,0,0,3,se,Sweden,UEFA
530,Erik Lira,mx Mexico,3.8,0,0,0,3,mx,Mexico,
531,Dominik Livaković,hr Croatia,4.0,0,0,0,0,hr,Croatia,UEFA
532,Dailon Livramento,cv Cabo Verde,1.9,0,0,0,1,cv,Cabo Verde,
533,Marcos Llorente,es Spain,2.1,0,0,0,2,es,Spain,UEFA
534,Giovani Lo Celso,ar Argentina,0.7,0,0,0,1,ar,Argentina,CONMEBOL
535,Jürgen Locadia,cw Curaçao,2.6,0,0,0,3,cw,Curaçao,
536,Azarías Londoño,pa Panama,0.6,0,0,0,1,pa,Panama,
537,Sidny Lopes Cabral,cv Cabo Verde,3.2,2,0,0,2,cv,Cabo Verde,
538,Flaco López,ar Argentina,0.2,1,0,0,1,ar,Argentina,CONMEBOL
539,Derrick Luckassen,gh Ghana,2.0,0,0,0,1,gh,Ghana,
540,Jhon Lucumí,co Colombia,5.3,1,0,0,5,co,Colombia,CONMEBOL
541,José Luis Rodríguez,pa Panama,2.6,0,0,0,4,pa,Panama,
542,Romelu Lukaku,be Belgium,2.6,1,0,0,2,be,Belgium,UEFA
543,Dodi Lukebakio,be Belgium,1.8,0,0,0,1,be,Belgium,UEFA
544,Jovo Lukić,ba Bosnia–Herz,0.7,1,0,0,1,ba,Bosnia–Herz,UEFA
545,Awer Mabil,au Australia,0.3,0,0,0,0,au,Australia,
546,Alexis Mac Allister,ar Argentina,8.3,1,0,0,9,ar,Argentina,CONMEBOL
547,Deiver Machado,co Colombia,1.0,0,0,0,1,co,Colombia,CONMEBOL
548,Shuto Machino,jp Japan,0.1,0,0,0,1,jp,Japan,
549,Assim Madibo,qa Qatar,1.5,0,1,0,2,qa,Qatar,
550,Noni Madueke,eng England,3.2,0,0,0,2,eng,England,UEFA
551,Daizen Maeda,jp Japan,2.7,0,0,0,2,jp,Japan,
552,Gabriel Magalhães,br Brazil,5.0,0,0,0,1,br,Brazil,CONMEBOL
553,Ermin Mahmić,ba Bosnia–Herz,0.8,1,0,0,1,ba,Bosnia–Herz,UEFA
554,Hadj Mahmoud,tn Tunisia,0.5,0,0,0,2,tn,Tunisia,
555,Riyad Mahrez,dz Algeria,2.9,0,0,0,1,dz,Algeria,
556,Alexandro Maidana,py Paraguay,0.6,0,0,0,0,py,Paraguay,CONMEBOL
557,Mike Maignan,fr France,8.0,0,0,0,0,fr,France,UEFA
558,Evidence Makgopa,za South Africa,2.4,0,0,0,1,za,South Africa,
559,Ahmed Maknzi,iq Iraq,0.4,0,0,0,0,iq,Iraq,
560,Donyell Malen,nl Netherlands,2.1,0,0,0,0,nl,Netherlands,UEFA
561,Arjan Malic,ba Bosnia–Herz,0.5,0,0,0,1,ba,Bosnia–Herz,UEFA
562,Mohamed Manai,qa Qatar,0.8,0,0,0,3,qa,Qatar,
563,Aïssa Mandi,dz Algeria,4.0,0,0,0,0,dz,Algeria,
564,Sadio Mané,sn Senegal,4.0,0,0,0,4,sn,Senegal,
565,Juan Manuel Sanabria,uy Uruguay,2.3,1,0,0,1,uy,Uruguay,CONMEBOL
566,Johan Manzambi,ch Switzerland,2.2,0,0,0,3,ch,Switzerland,UEFA
567,Mahmoud Al-Mardi,jo Jordan,1.4,0,0,0,4,jo,Jordan,
568,Jearl Margaritha,cw Curaçao,0.5,0,0,0,0,cw,Curaçao,
569,Omar Marmoush,eg Egypt,3.6,0,0,0,3,eg,Egypt,
570,Marquinhos,br Brazil,5.0,0,0,0,0,br,Brazil,CONMEBOL
571,Gabriel Martinelli,br Brazil,1.6,0,0,0,4,br,Brazil,CONMEBOL
572,Guillermo Martínez Ayala,mx Mexico,0.8,0,0,0,3,mx,Mexico,
573,Cristian Martínez,pa Panama,2.7,0,0,0,5,pa,Panama,
574,Emiliano Martínez,ar Argentina,9.0,0,0,0,0,ar,Argentina,CONMEBOL
575,Lautaro Martínez,ar Argentina,3.4,1,0,0,8,ar,Argentina,CONMEBOL
576,Lisandro Martínez,ar Argentina,6.9,2,0,0,7,ar,Argentina,CONMEBOL
577,Thapelo Maseko,za South Africa,2.7,0,0,0,4,za,South Africa,
578,Hazem Mastouri,tn Tunisia,1.0,0,0,0,2,tn,Tunisia,
579,Arthur Masuaku,cd Congo DR,3.5,0,0,0,0,cd,Congo DR,
580,Igor Matanović,hr Croatia,1.1,0,0,0,4,hr,Croatia,UEFA
581,Pape Matar Sarr,sn Senegal,0.7,0,0,0,1,sn,Senegal,
582,Jean-Philippe Mateta,fr France,0.3,0,0,0,1,fr,France,UEFA
583,Mauricio,py Paraguay,1.9,0,0,0,3,py,Paraguay,CONMEBOL
584,Fiston Mayele,cd Congo DR,0.5,0,0,0,1,cd,Congo DR,
585,Ibrahim Maza,dz Algeria,3.9,0,0,0,1,dz,Algeria,
586,Noussair Mazraoui,ma Morocco,5.3,0,0,0,4,ma,Morocco,
587,Kylian Mbappé,fr France,7.7,1,0,0,6,fr,France,UEFA
588,Thalente Mbatha,za South Africa,2.9,1,0,0,4,za,South Africa,
589,Ibrahim Mbaye,sn Senegal,1.7,0,0,0,0,sn,Senegal,
590,Chancel Mbemba,cd Congo DR,4.0,1,0,0,1,cd,Congo DR,
591,Mbekezeli Mbokazi,za South Africa,4.0,0,0,0,3,za,South Africa,
592,Nathanaël Mbuku,cd Congo DR,1.6,1,0,0,4,cd,Congo DR,
593,Callum McCowatt,nz New Zealand,1.8,1,0,0,4,nz,New Zealand,
594,John McGinn,sct Scotland,2.9,0,0,0,2,sct,Scotland,UEFA
595,Scott McKenna,sct Scotland,1.0,0,0,0,0,sct,Scotland,UEFA
596,Weston McKennie,us USA,4.9,1,0,0,8,us,USA,
597,Mark McKenzie,us USA,1.0,0,0,0,1,us,USA,
598,Kenny McLean,sct Scotland,1.3,1,0,0,1,sct,Scotland,UEFA
599,Scott McTominay,sct Scotland,3.0,0,0,0,3,sct,Scotland,UEFA
600,Brandon Mechele,be Belgium,6.3,1,0,0,9,be,Belgium,UEFA
601,Facundo Medina,ar Argentina,3.4,1,0,0,3,ar,Argentina,CONMEBOL
602,Yaimar Medina,ec Ecuador,0.5,0,0,0,1,ec,Ecuador,CONMEBOL
603,Hannibal Mejbri,tn Tunisia,3.0,0,0,0,4,tn,Tunisia,
604,Amar Memić,ba Bosnia–Herz,2.5,0,0,0,4,ba,Bosnia–Herz,UEFA
605,Memphis,nl Netherlands,0.6,1,0,0,1,nl,Netherlands,UEFA
606,Sultan Mendash,sa Saudi Arabia,0.7,0,0,0,1,sa,Saudi Arabia,
607,Lucas Mendes,qa Qatar,0.0,0,0,0,0,qa,Qatar,
608,Nuno Mendes,pt Portugal,4.4,0,0,0,3,pt,Portugal,UEFA
609,Ryan Mendes,cv Cabo Verde,3.7,0,0,0,1,cv,Cabo Verde,
610,Édouard Mendy,sn Senegal,1.7,0,0,0,0,sn,Senegal,
611,Gideon Mensah,gh Ghana,4.0,0,0,0,2,gh,Ghana,
612,Mikel Merino,es Spain,2.2,0,0,0,6,es,Spain,UEFA
613,Lionel Messi,ar Argentina,8.2,0,0,0,3,ar,Argentina,CONMEBOL
614,Connor Metcalfe,au Australia,3.5,0,0,0,1,au,Australia,
615,Thomas Meunier,be Belgium,2.1,0,0,0,9,be,Belgium,UEFA
616,Liam Millar,ca Canada,1.8,1,0,0,3,ca,Canada,
617,Kim Min-jae,kr Korea Republic,2.7,0,0,0,2,kr,Korea Republic,
618,Yerry Mina,co Colombia,0.0,0,0,0,0,co,Colombia,CONMEBOL
619,Alan Minda,ec Ecuador,0.6,0,0,0,0,ec,Ecuador,CONMEBOL
620,Aubrey Modiba,za South Africa,3.8,1,0,0,4,za,South Africa,
621,Luka Modrić,hr Croatia,3.5,1,0,0,4,hr,Croatia,UEFA
622,Relebohile Mofokeng,za South Africa,1.9,0,0,0,3,za,South Africa,
623,Shahriar Moghanlou,ir IR Iran,1.0,0,0,0,1,ir,IR Iran,
624,Milad Mohammadi,ir IR Iran,2.3,0,0,0,1,ir,IR Iran,
625,Mohammad Mohebi,ir IR Iran,2.7,0,0,0,1,ir,IR Iran,
626,Johan Mojica,co Colombia,4.3,1,0,0,1,co,Colombia,CONMEBOL
627,Teboho Mokoena,za South Africa,3.0,2,0,0,3,za,South Africa,
628,Nahuel Molina,ar Argentina,5.9,0,0,0,3,ar,Argentina,CONMEBOL
629,Jamiro Monteiro,cv Cabo Verde,3.1,0,0,0,4,cv,Cabo Verde,
630,César Montes,mx Mexico,3.5,0,1,0,4,mx,Mexico,
631,Gonzalo Montiel,ar Argentina,2.1,1,0,0,4,ar,Argentina,CONMEBOL
632,Kim Moon-hwan,kr Korea Republic,0.8,0,0,0,0,kr,Korea Republic,
633,Gilberto Mora,mx Mexico,2.4,0,0,0,3,mx,Mexico,
634,Diego Moreira,be Belgium,0.6,0,0,0,2,be,Belgium,UEFA
635,Steven Moreira,cv Cabo Verde,3.3,0,0,0,0,cv,Cabo Verde,
636,Tshepang Moremi,za South Africa,0.4,0,0,0,1,za,South Africa,
637,Orlando Mosquera,pa Panama,3.0,0,0,0,0,pa,Panama,
638,Samir El Mourabet,ma Morocco,0.9,0,0,0,0,ma,Morocco,
639,Samuel Moutoussamy,cd Congo DR,3.7,1,0,0,8,cd,Congo DR,
640,Akmal Mozgovoy,uz Uzbekistan,2.4,0,0,0,0,uz,Uzbekistan,
641,Lionel Mpasi,cd Congo DR,4.0,0,0,0,0,cd,Congo DR,
642,Khuliso Mudau,za South Africa,4.0,0,0,0,4,za,South Africa,
643,Tarik Muharemovic,ba Bosnia–Herz,2.9,0,1,0,5,ba,Bosnia–Herz,UEFA
644,Miro Muheim,ch Switzerland,1.0,1,0,0,1,ch,Switzerland,UEFA
645,Ngal'Ayel Mukau,cd Congo DR,2.2,0,0,0,3,cd,Congo DR,
646,Mert Müldür,tr Türkiye,1.1,0,0,0,1,tr,Türkiye,UEFA
647,Daniel Muñoz,co Colombia,4.4,0,0,0,9,co,Colombia,CONMEBOL
648,Petar Musa,hr Croatia,1.2,0,0,0,1,hr,Croatia,UEFA
649,Jamal Musiala,de Germany,3.0,1,0,0,5,de,Germany,UEFA
650,Fernando Muslera,uy Uruguay,2.5,0,0,0,0,uy,Uruguay,CONMEBOL
651,Phillipp Mwene,at Austria,1.6,0,0,0,1,at,Austria,UEFA
652,David Møller Wolfe,no Norway,4.8,0,0,0,7,no,Norway,UEFA
653,Yūto Nagatomo,jp Japan,0.2,0,0,0,0,jp,Japan,
654,Keito Nakamura,jp Japan,3.4,0,0,0,3,jp,Japan,
655,Abdallah Nasib,jo Jordan,2.9,0,0,0,1,jo,Jordan,
656,Sherzod Nasrullaev,uz Uzbekistan,2.0,1,0,0,3,uz,Uzbekistan,
657,Duckens Nazon,ht Haiti,0.3,1,0,0,0,ht,Haiti,
658,Iliman Ndiaye,sn Senegal,1.3,0,0,0,2,sn,Senegal,
659,Dan Ndoye,ch Switzerland,4.5,0,0,0,5,ch,Switzerland,UEFA
660,Jayden Nelson,ca Canada,0.0,0,0,0,0,ca,Canada,
661,Ali Nemati,ir IR Iran,3.0,1,0,0,3,ir,IR Iran,
662,Abduvohid Nematov,uz Uzbekistan,2.0,0,0,0,0,uz,Uzbekistan,
663,Pedro Neto,pt Portugal,3.9,0,0,0,4,pt,Portugal,UEFA
664,Manuel Neuer,de Germany,4.3,0,0,0,0,de,Germany,UEFA
665,João Neves,pt Portugal,4.3,0,0,0,1,pt,Portugal,UEFA
666,Rúben Neves,pt Portugal,0.6,0,0,0,0,pt,Portugal,UEFA
667,Neymar,br Brazil,0.4,1,0,0,1,br,Brazil,CONMEBOL
668,Nathan Ngoy,be Belgium,3.7,0,1,0,6,be,Belgium,UEFA
669,Moussa Niakhaté,sn Senegal,4.3,0,0,0,3,sn,Senegal,
670,Gustaf Nilsson,se Sweden,0.0,0,0,0,0,se,Sweden,UEFA
671,Felix Nmecha,de Germany,3.0,0,0,0,3,de,Germany,UEFA
672,Kristoffer Nordfeldt,se Sweden,2.0,0,0,0,0,se,Sweden,UEFA
673,Tyrese Noslin,cw Curaçao,0.2,0,0,0,0,cw,Curaçao,
674,Ernest Nuamah,gh Ghana,1.0,0,0,0,2,gh,Ghana,
675,Matheus Nunes,pt Portugal,0.0,0,0,0,0,pt,Portugal,UEFA
676,Darwin Núñez,uy Uruguay,1.7,0,0,0,1,uy,Uruguay,CONMEBOL
677,Antonio Nusa,no Norway,3.5,1,0,0,1,no,Norway,UEFA
678,Benjamin Nygren,se Sweden,1.4,0,0,0,3,se,Sweden,UEFA
679,Ørjan Nyland,no Norway,5.3,0,0,0,0,no,Norway,UEFA
680,Aiden O'Neill,au Australia,4.0,0,0,0,2,au,Australia,
681,Nico O'Reilly,eng England,5.1,1,0,0,6,eng,England,UEFA
682,Salim Obaid,jo Jordan,0.2,0,0,0,1,jo,Jordan,
683,Armando Obispo,cw Curaçao,3.0,0,0,0,1,cw,Curaçao,
684,Guillermo Ochoa,mx Mexico,0.1,0,0,0,0,mx,Mexico,
685,Kōki Ogawa,jp Japan,0.5,0,0,0,1,jp,Japan,
686,Braian Ojeda,py Paraguay,0.2,0,0,0,0,py,Paraguay,CONMEBOL
687,Noah Okafor,ch Switzerland,0.2,0,0,0,0,ch,Switzerland,UEFA
688,Ime Okon,za South Africa,4.0,0,0,0,1,za,South Africa,
689,Paul Okon-Engstler,au Australia,2.2,0,0,0,3,au,Australia,
690,Ben Old,nz New Zealand,1.0,0,0,0,0,nz,New Zealand,
691,Michael Olise,fr France,7.2,1,0,0,5,fr,France,UEFA
692,Mathías Olivera,uy Uruguay,3.0,1,0,0,3,uy,Uruguay,CONMEBOL
693,Dani Olmo,es Spain,5.5,0,0,0,6,es,Spain,UEFA
694,Tani Oluwaseyi,ca Canada,2.9,0,0,0,5,ca,Canada,
695,Ali Olwan,jo Jordan,3.0,0,0,0,1,jo,Jordan,
696,Amadou Onana,be Belgium,1.2,0,0,0,1,be,Belgium,UEFA
697,Christopher Opéri,ci Côte d'Ivoire,1.0,0,0,0,2,ci,Côte d'Ivoire,
698,Jerome Opoku,gh Ghana,3.0,0,0,0,2,gh,Ghana,
699,Joel Ordóñez,ec Ecuador,2.5,0,0,0,1,ec,Ecuador,CONMEBOL
700,Jonathan Osorio,ca Canada,0.1,0,0,0,0,ca,Canada,
701,Nicolás Otamendi,ar Argentina,2.7,0,0,0,4,ar,Argentina,CONMEBOL
702,Zakaria El Ouahdi,ma Morocco,0.2,0,0,0,1,ma,Morocco,
703,Ayoub Al-Oui,qa Qatar,1.7,0,0,0,1,qa,Qatar,
704,Azzedine Ounahi,ma Morocco,4.8,1,0,0,3,ma,Morocco,
705,Mohammed Al-Owais,sa Saudi Arabia,3.0,0,0,0,0,sa,Saudi Arabia,
706,Elisha Owusu,gh Ghana,1.7,0,0,0,2,gh,Ghana,
707,Mikel Oyarzabal,es Spain,6.7,0,0,0,4,es,Spain,UEFA
708,Salih Özcan,tr Türkiye,1.1,0,0,0,2,tr,Türkiye,UEFA
709,Willian Pacho,ec Ecuador,4.0,0,0,0,3,ec,Ecuador,CONMEBOL
710,Kendry Páez,ec Ecuador,0.1,1,0,0,1,ec,Ecuador,CONMEBOL
711,Exequiel Palacios,ar Argentina,1.0,0,0,0,1,ar,Argentina,CONMEBOL
712,Lucas Paquetá,br Brazil,2.6,0,0,0,3,br,Brazil,CONMEBOL
713,Leandro Paredes,ar Argentina,5.3,2,0,0,9,ar,Argentina,CONMEBOL
714,Thomas Partey,gh Ghana,3.0,0,0,0,2,gh,Ghana,
715,Marco Pašalić,hr Croatia,1.1,0,0,0,0,hr,Croatia,UEFA
716,Mario Pašalić,hr Croatia,1.4,0,0,0,2,hr,Croatia,UEFA
717,Nathan Patterson,sct Scotland,2.1,0,0,0,2,sct,Scotland,UEFA
718,João Paulo Fernandes,cv Cabo Verde,1.2,0,0,0,0,cv,Cabo Verde,
719,Aleksandar Pavlovic,de Germany,3.0,1,0,0,13,de,Germany,UEFA
720,Tim Payne,nz New Zealand,2.5,0,0,0,2,nz,New Zealand,
721,Nicolás Paz,ar Argentina,0.8,0,0,0,2,ar,Argentina,CONMEBOL
722,Marcus Pedersen,no Norway,2.6,0,0,0,3,no,Norway,UEFA
723,Pedri,es Spain,5.5,1,0,0,4,es,Spain,UEFA
724,Nicolas Pépé,ci Côte d'Ivoire,2.6,1,0,0,1,ci,Côte d'Ivoire,
725,Ricardo Pepi,us USA,2.3,0,0,0,5,us,USA,
726,Kojo Peprah Oppong,gh Ghana,0.5,1,0,0,1,gh,Ghana,
727,Ivan Perišić,hr Croatia,4.0,2,0,0,4,hr,Croatia,UEFA
728,Jens Petter Hauge,no Norway,0.1,0,0,0,0,no,Norway,UEFA
729,Charles Pickel,cd Congo DR,0.4,1,0,0,2,cd,Congo DR,
730,Jordan Pickford,eng England,7.3,0,0,0,0,eng,England,UEFA
731,Pico,cv Cabo Verde,4.3,0,0,0,0,cv,Cabo Verde,
732,Frantzdy Pierrot,ht Haiti,1.6,1,0,0,5,ht,Haiti,
733,Kevin Pina,cv Cabo Verde,3.9,1,0,0,5,cv,Cabo Verde,
734,Wagner Pina,cv Cabo Verde,1.0,1,0,0,1,cv,Cabo Verde,
735,Orbelín Pineda,mx Mexico,0.3,0,0,0,0,mx,Mexico,
736,Yéremy Pino,es Spain,0.8,0,0,0,2,es,Spain,UEFA
737,Isidro Pitta,py Paraguay,0.5,0,0,0,2,py,Paraguay,CONMEBOL
738,Johny Placide,ht Haiti,3.0,1,0,0,0,ht,Haiti,
739,Gonzalo Plata,ec Ecuador,4.0,1,0,0,5,ec,Ecuador,CONMEBOL
740,Marin Pongračić,hr Croatia,3.0,0,0,0,3,hr,Croatia,UEFA
741,Jackson Porozo,ec Ecuador,0.3,1,0,0,2,ec,Ecuador,CONMEBOL
742,Pedro Porro,es Spain,6.3,0,0,0,10,es,Spain,UEFA
743,Stefan Posch,at Austria,3.7,2,0,0,7,at,Austria,UEFA
744,Alexander Prass,at Austria,0.3,0,0,0,0,at,Austria,UEFA
745,Ángelo Preciado,ec Ecuador,1.2,0,0,0,0,ec,Ecuador,CONMEBOL
746,Ruben Providence,ht Haiti,2.4,0,0,0,3,ht,Haiti,
747,Lukáš Provod,cz Czechia,1.4,0,0,0,2,cz,Czechia,UEFA
748,Marc Pubill,es Spain,0.0,0,0,0,0,es,Spain,UEFA
749,Gustavo Puerta,co Colombia,5.2,1,0,0,9,co,Colombia,CONMEBOL
750,Christian Pulisic,us USA,2.5,0,0,0,1,us,USA,
751,Ahmed Qasem,iq Iraq,1.4,0,0,0,0,iq,Iraq,
752,Jarell Quansah,eng England,2.2,1,1,0,2,eng,England,UEFA
753,Julián Quiñones,mx Mexico,4.6,0,0,0,5,mx,Mexico,
754,Alberto Quintero,pa Panama,0.0,0,0,0,1,pa,Panama,
755,Juan Quintero,co Colombia,1.3,0,0,0,0,co,Colombia,CONMEBOL
756,Ramy Rabia,eg Egypt,4.1,0,0,0,3,eg,Egypt,
757,Adrien Rabiot,fr France,6.5,1,0,0,13,fr,France,UEFA
758,Stjepan Radeljić,ba Bosnia–Herz,2.0,1,0,0,1,ba,Bosnia–Herz,UEFA
759,Soufiane Rahimi,ma Morocco,1.8,0,0,0,5,ma,Morocco,
760,Abdul Rahman Baba,gh Ghana,0.0,0,0,0,0,gh,Ghana,
761,Anthony Ralston,sct Scotland,0.1,0,0,0,2,sct,Scotland,UEFA
762,Gonçalo Ramos,pt Portugal,0.4,0,0,0,0,pt,Portugal,UEFA
763,Jiovany Ramos,pa Panama,1.8,0,0,0,2,pa,Panama,
764,Jesse Randall,nz New Zealand,0.7,0,0,0,0,nz,New Zealand,
765,Raúl Rangel,mx Mexico,4.9,0,0,0,1,mx,Mexico,
766,Raphinha,br Brazil,1.4,0,0,0,1,br,Brazil,CONMEBOL
767,Nizar Al Rashdan,jo Jordan,2.8,0,0,0,5,jo,Jordan,
768,Marcus Rashford,eng England,2.5,0,0,0,5,eng,England,UEFA
769,Nicolas Raskin,be Belgium,3.8,0,0,0,12,be,Belgium,UEFA
770,David Raum,de Germany,1.2,0,0,0,2,de,Germany,UEFA
771,Noor Al Rawabdeh,jo Jordan,3.0,0,0,0,1,jo,Jordan,
772,Rayan,br Brazil,3.2,0,0,0,5,br,Brazil,CONMEBOL
773,Iqraam Rayners,za South Africa,1.8,0,0,0,1,za,South Africa,
774,Tim Ream,us USA,4.0,0,0,0,0,us,USA,
775,Tijjani Reijnders,nl Netherlands,2.2,0,0,0,0,nl,Netherlands,UEFA
776,Omar Rekik,tn Tunisia,2.0,0,0,0,0,tn,Tunisia,
777,Israel Reyes,mx Mexico,2.2,0,0,0,1,mx,Mexico,
778,Gio Reyna,us USA,1.5,0,0,0,1,us,USA,
779,Ramin Rezaeian,ir IR Iran,3.0,0,0,0,2,ir,IR Iran,
780,Chadi Riad,ma Morocco,3.8,0,0,0,0,ma,Morocco,
781,Declan Rice,eng England,6.2,2,0,0,4,eng,England,UEFA
782,Chris Richards,us USA,4.0,1,0,0,8,us,USA,
783,Fabian Rieder,ch Switzerland,3.4,0,0,0,3,ch,Switzerland,UEFA
784,Richard Ríos,co Colombia,1.6,1,0,0,10,co,Colombia,CONMEBOL
785,Ró-Ró,qa Qatar,3.0,0,0,0,1,qa,Qatar,
786,Andy Robertson,sct Scotland,2.5,1,0,0,3,sct,Scotland,UEFA
787,Antonee Robinson,us USA,3.9,1,0,0,4,us,USA,
788,Miles Robinson,us USA,1.0,0,0,0,2,us,USA,
789,Sergio Rochet,uy Uruguay,0.5,0,0,0,0,uy,Uruguay,CONMEBOL
790,Rodri,es Spain,8.0,0,0,0,11,es,Spain,UEFA
791,Garry Rodrigues,cv Cabo Verde,0.8,0,0,0,0,cv,Cabo Verde,
792,Brian Rodríguez,uy Uruguay,0.5,0,0,0,0,uy,Uruguay,CONMEBOL
793,James Rodríguez,co Colombia,3.5,0,0,0,0,co,Colombia,CONMEBOL
794,Kevin Rodríguez,ec Ecuador,1.3,0,0,0,3,ec,Ecuador,CONMEBOL
795,Ricardo Rodríguez,ch Switzerland,5.7,0,0,0,11,ch,Switzerland,UEFA
796,Tomás Rodríguez,pa Panama,0.5,0,0,0,3,pa,Panama,
797,Godfried Roemeratoe,cw Curaçao,0.1,0,0,0,0,cw,Curaçao,
798,Morgan Rogers,eng England,3.8,0,0,0,5,eng,England,UEFA
799,Cristian Romero,ar Argentina,6.8,2,0,0,9,ar,Argentina,CONMEBOL
800,Luis Romo,mx Mexico,2.9,0,0,0,1,mx,Mexico,
801,Cristiano Ronaldo,pt Portugal,4.9,0,0,0,2,pt,Portugal,UEFA
802,Eloy Room,cw Curaçao,3.0,0,0,0,0,cw,Curaçao,
803,Marten de Roon,nl Netherlands,0.1,0,0,0,0,nl,Netherlands,UEFA
804,Saed Al-Rosan,jo Jordan,0.1,0,0,0,0,jo,Jordan,
805,Antonio Rüdiger,de Germany,2.9,0,0,0,1,de,Germany,UEFA
806,Fabián Ruiz Peña,es Spain,3.6,0,0,0,1,es,Spain,UEFA
807,Mathew Ryan,au Australia,0.0,0,0,0,0,au,Australia,
808,Julian Ryerson,no Norway,2.5,0,0,0,6,no,Norway,UEFA
809,Elias Saad,tn Tunisia,1.3,0,0,0,1,tn,Tunisia,
810,Marwane Saâdane,ma Morocco,0.0,0,0,0,0,ma,Morocco,
811,Mustafa Saadoon,iq Iraq,0.2,0,0,0,2,iq,Iraq,
812,Mahmoud Saber,eg Egypt,0.5,1,0,0,2,eg,Egypt,
813,Marcel Sabitzer,at Austria,4.0,1,0,0,2,at,Austria,UEFA
814,Noah Sadiki,cd Congo DR,2.9,2,0,0,2,cd,Congo DR,
815,Michal Sadílek,cz Czechia,2.0,0,0,0,0,cz,Czechia,UEFA
816,Alexis Saelemaekers,be Belgium,0.9,0,0,0,0,be,Belgium,UEFA
817,Ismael Saibari,ma Morocco,4.2,0,0,0,8,ma,Morocco,
818,Bukayo Saka,eng England,4.0,0,0,0,4,eng,England,UEFA
819,Mohamed Salah,eg Egypt,4.7,0,0,0,5,eg,Egypt,
820,Anass Salah-Eddine,ma Morocco,2.4,0,0,0,3,ma,Morocco,
821,Nathan Saliba,ca Canada,2.0,1,0,0,5,ca,Canada,
822,William Saliba,fr France,5.3,0,0,0,4,fr,France,UEFA
823,Shurandy Sambo,cw Curaçao,0.0,0,0,0,0,cw,Curaçao,
824,Antonio Sanabria,py Paraguay,0.9,0,0,0,1,py,Paraguay,CONMEBOL
825,Davinson Sánchez,co Colombia,5.3,1,0,0,6,co,Colombia,CONMEBOL
826,Jorge Sánchez,mx Mexico,3.9,1,0,0,5,mx,Mexico,
827,Alex Sandro,br Brazil,0.1,0,0,0,1,br,Brazil,CONMEBOL
828,Leroy Sané,de Germany,3.6,0,0,0,3,de,Germany,UEFA
829,Ibrahim Sangaré,ci Côte d'Ivoire,3.0,0,0,0,2,ci,Côte d'Ivoire,
830,Kaishū Sano,jp Japan,3.0,1,0,0,4,jp,Japan,
831,Danilo Santos,br Brazil,0.5,0,0,0,0,br,Brazil,CONMEBOL
832,Douglas Santos,br Brazil,4.9,1,0,0,3,br,Brazil,CONMEBOL
833,Bara Sapoko Ndiaye,sn Senegal,0.3,0,0,0,0,sn,Senegal,
834,Ismaila Sarr,sn Senegal,4.0,0,0,0,1,sn,Senegal,
835,Farrukh Sayfiev,uz Uzbekistan,0.5,0,0,0,0,uz,Uzbekistan,
836,Amine Sbai,ma Morocco,0.1,0,0,0,2,ma,Morocco,
837,Joe Scally,us USA,1.0,0,0,0,0,us,USA,
838,Patrik Schick,cz Czechia,2.0,0,0,0,1,cz,Czechia,UEFA
839,Andreas Schjelderup,no Norway,2.8,0,0,0,2,no,Norway,UEFA
840,Alexander Schlager,at Austria,4.0,0,0,0,0,at,Austria,UEFA
841,Xaver Schlager,at Austria,2.6,0,0,0,6,at,Austria,UEFA
842,Nico Schlotterbeck,de Germany,1.5,0,0,0,2,de,Germany,UEFA
843,Romano Schmid,at Austria,2.9,0,0,0,3,at,Austria,UEFA
844,Kamogelo Sebelebele,za South Africa,0.1,0,0,0,1,za,South Africa,
845,Abdoulaye Seck,sn Senegal,0.6,1,0,0,1,sn,Senegal,
846,Alidu Seidu,gh Ghana,0.9,1,0,0,1,gh,Ghana,
847,Nicolas Seiwald,at Austria,3.5,0,0,0,1,at,Austria,UEFA
848,Ayumu Seko,jp Japan,1.0,0,0,0,1,jp,Japan,
849,Egil Selvik,no Norway,1.0,0,0,0,0,no,Norway,UEFA
850,Ken Sema,se Sweden,0.2,0,0,0,0,se,Sweden,UEFA
851,Nélson Semedo,pt Portugal,1.4,1,0,0,2,pt,Portugal,UEFA
852,Willy Semedo,cv Cabo Verde,1.5,0,0,0,4,cv,Cabo Verde,
853,Antoine Semenyo,gh Ghana,4.0,0,0,0,6,gh,Ghana,
854,Marvin Senaya,gh Ghana,3.1,0,0,0,6,gh,Ghana,
855,Marcos Senesi,ar Argentina,1.2,0,0,0,0,ar,Argentina,CONMEBOL
856,Igor Sergeev,uz Uzbekistan,0.3,0,0,0,0,uz,Uzbekistan,
857,Jean Seri,ci Côte d'Ivoire,0.2,0,0,0,0,ci,Côte d'Ivoire,
858,Kim Seung-gyu,kr Korea Republic,3.0,0,0,0,0,kr,Korea Republic,
859,Paik Seung-ho,kr Korea Republic,2.3,1,0,0,1,kr,Korea Republic,
860,Joaquin Seys,be Belgium,0.3,0,0,0,0,be,Belgium,UEFA
861,Jacob Shaffelburg,ca Canada,1.0,0,0,0,2,ca,Canada,
862,Mohammed Abu Al-Shamat,sa Saudi Arabia,1.5,0,0,0,2,sa,Saudi Arabia,
863,Lawrence Shankland,sct Scotland,1.9,0,0,0,5,sct,Scotland,UEFA
864,Sharara,jo Jordan,0.0,1,0,0,1,jo,Jordan,
865,Aimar Sher,iq Iraq,0.3,0,0,0,0,iq,Iraq,
866,Kento Shiogai,jp Japan,0.1,0,0,0,0,jp,Japan,
867,Mostafa Shobeir,eg Egypt,5.3,1,0,0,0,eg,Egypt,
868,Eldor Shomurodov,uz Uzbekistan,3.0,0,0,0,8,uz,Uzbekistan,
869,Otabek Shukurov,uz Uzbekistan,2.6,0,0,0,2,uz,Uzbekistan,
870,Nkosinathi Sibisi,za South Africa,1.0,1,0,0,1,za,South Africa,
871,Kwasi Sibo,gh Ghana,2.8,0,0,0,7,gh,Ghana,
872,Niko Sigur,ca Canada,1.4,1,0,0,5,ca,Canada,
873,Bernardo Silva,pt Portugal,1.1,2,0,0,3,pt,Portugal,UEFA
874,Éderson Silva,br Brazil,0.2,0,0,0,1,br,Brazil,CONMEBOL
875,Giuliano Simeone,ar Argentina,2.1,0,0,0,9,ar,Argentina,CONMEBOL
876,Dominique Simon,ht Haiti,0.6,0,0,0,1,ht,Haiti,
877,Unai Simón,es Spain,8.3,0,0,0,0,es,Spain,UEFA
878,Sarpreet Singh,nz New Zealand,2.3,1,0,0,2,nz,New Zealand,
879,Wilfried Singo,ci Côte d'Ivoire,1.9,0,0,0,3,ci,Côte d'Ivoire,
880,Sphephelo Sithole,za South Africa,2.5,0,1,0,5,za,South Africa,
881,Ellyes Skhiri,tn Tunisia,2.8,0,0,0,0,tn,Tunisia,
882,Alexandr Sojka,cz Czechia,1.6,0,0,0,0,cz,Czechia,UEFA
883,Ramón Sosa,py Paraguay,0.1,0,0,0,0,py,Paraguay,CONMEBOL
884,Tomáš Souček,cz Czechia,1.5,0,0,0,3,cz,Czechia,UEFA
885,Harry Souttar,au Australia,4.3,1,0,0,8,au,Australia,
886,Djibril Sow,ch Switzerland,2.8,0,0,0,5,ch,Switzerland,UEFA
887,Çağlar Söyüncü,tr Türkiye,0.1,0,0,0,0,tr,Türkiye,UEFA
888,Djed Spence,eng England,4.5,0,0,0,3,eng,England,UEFA
889,Marko Stamenic,nz New Zealand,3.0,1,0,0,4,nz,New Zealand,
890,Josip Stanišić,hr Croatia,4.0,0,0,0,0,hr,Croatia,UEFA
891,Carl Starfelt,se Sweden,0.0,0,0,0,0,se,Sweden,UEFA
892,Ross Stewart,sct Scotland,0.0,0,0,0,0,sct,Scotland,UEFA
893,Angelo Stiller,de Germany,0.5,0,0,0,0,de,Germany,UEFA
894,John Stones,eng England,3.7,0,0,0,1,eng,England,UEFA
895,Jørgen Strand Larsen,no Norway,1.2,0,0,0,0,no,Norway,UEFA
896,Elliot Stroud,se Sweden,1.8,0,0,0,3,se,Sweden,UEFA
897,Luis Suárez,co Colombia,3.7,1,0,0,7,co,Colombia,CONMEBOL
898,Luka Sučić,hr Croatia,0.2,0,0,0,0,hr,Croatia,UEFA
899,Petar Sučić,hr Croatia,3.2,1,0,0,7,hr,Croatia,UEFA
900,Yukinari Sugawara,jp Japan,1.6,0,0,0,3,jp,Japan,
901,Rebin Sulaka,iq Iraq,0.5,0,1,0,1,iq,Iraq,
902,Pavel Šulc,cz Czechia,2.1,0,0,0,2,cz,Czechia,UEFA
903,Kamaldeen Sulemana,gh Ghana,1.4,0,0,0,2,gh,Ghana,
904,Crysencio Summerville,nl Netherlands,2.8,1,0,0,2,nl,Netherlands,UEFA
905,Ivan Šunjić,ba Bosnia–Herz,2.2,0,0,0,7,ba,Bosnia–Herz,UEFA
906,Finn Surman,nz New Zealand,3.0,0,0,0,4,nz,New Zealand,
907,Josip Šutalo,hr Croatia,4.0,0,0,0,2,hr,Croatia,UEFA
908,Junnosuke Suzuki,jp Japan,0.5,1,0,0,2,jp,Japan,
909,Yuito Suzuki,jp Japan,0.1,0,0,0,0,jp,Japan,
910,Zion Suzuki,jp Japan,4.0,0,0,0,0,jp,Japan,
911,Mattias Svanberg,se Sweden,0.2,0,0,0,0,se,Sweden,UEFA
912,Daniel Svensson,se Sweden,1.1,0,0,0,0,se,Sweden,UEFA
913,Alexander Sørloth,no Norway,3.7,0,0,0,6,no,Norway,UEFA
914,Musa Al-Taamari,jo Jordan,2.4,0,0,0,2,jo,Jordan,
915,Haris Tabaković,ba Bosnia–Herz,0.2,0,0,0,0,ba,Bosnia–Herz,UEFA
916,Lee Tae-seok,kr Korea Republic,1.3,0,0,0,3,kr,Korea Republic,
917,Nicolás Tagliafico,ar Argentina,5.3,0,0,0,9,ar,Argentina,CONMEBOL
918,Jonathan Tah,de Germany,4.1,0,0,0,5,de,Germany,UEFA
919,Benjamin Tahirovic,ba Bosnia–Herz,2.6,0,0,0,3,ba,Bosnia–Herz,UEFA
920,Zaid Tahseen,iq Iraq,1.7,1,0,0,3,iq,Iraq,
921,Chemsdine Talbi,ma Morocco,2.0,0,0,0,0,ma,Morocco,
922,Montassar Talbi,tn Tunisia,3.0,0,0,0,1,tn,Tunisia,
923,Hassan Al Tambakti,sa Saudi Arabia,2.4,0,0,0,0,sa,Saudi Arabia,
924,Ao Tanaka,jp Japan,2.1,0,0,0,6,jp,Japan,
925,Shogo Taniguchi,jp Japan,2.6,1,0,0,2,jp,Japan,
926,Mehdi Taremi,ir IR Iran,2.9,0,0,0,3,ir,IR Iran,
927,Aurélien Tchouaméni,fr France,4.0,1,0,0,4,fr,France,UEFA
928,Arthur Theate,be Belgium,2.5,0,0,0,1,be,Belgium,UEFA
929,Igor Thiago,br Brazil,0.7,0,0,0,2,br,Brazil,CONMEBOL
930,Malick Thiaw,de Germany,0.5,0,0,0,1,de,Germany,UEFA
931,Ryan Thomas,nz New Zealand,0.9,0,0,0,3,nz,New Zealand,
932,Brandon Thomas-Asante,gh Ghana,0.6,0,0,0,0,gh,Ghana,
933,Morten Thorsby,no Norway,0.5,0,0,0,1,no,Norway,UEFA
934,Kristian Thorstvedt,no Norway,0.7,0,0,0,2,no,Norway,UEFA
935,Marcus Thuram,fr France,0.0,0,0,0,0,fr,France,UEFA
936,Youri Tielemans,be Belgium,5.3,0,0,0,7,be,Belgium,UEFA
937,Kieran Tierney,sct Scotland,1.2,0,0,0,3,sct,Scotland,UEFA
938,Guus Til,nl Netherlands,0.4,0,0,0,0,nl,Netherlands,UEFA
939,Malik Tillman,us USA,4.0,1,0,0,3,us,USA,
940,Quinten Timber,nl Netherlands,0.6,0,0,0,0,nl,Netherlands,UEFA
941,Takehiro Tomiyasu,jp Japan,2.0,0,0,0,5,jp,Japan,
942,Ivan Toney,eng England,0.9,0,0,0,0,eng,England,UEFA
943,Mehdi Torabi,ir IR Iran,0.3,0,0,0,0,ir,IR Iran,
944,Félix Torres Caicedo,ec Ecuador,0.1,0,0,0,0,ec,Ecuador,CONMEBOL
945,Ferran Torres,es Spain,3.2,1,0,0,6,es,Spain,UEFA
946,Sebastian Tounekti,tn Tunisia,0.9,0,0,0,1,tn,Tunisia,
947,Bazoumana Touré,ci Côte d'Ivoire,0.9,0,0,0,0,ci,Côte d'Ivoire,
948,Mo Touré,au Australia,1.8,0,0,0,4,au,Australia,
949,Kai Trewin,au Australia,0.8,0,0,0,0,au,Australia,
950,Trézéguet,eg Egypt,1.8,0,0,0,3,eg,Egypt,
951,Francisco Trincão,pt Portugal,0.3,0,0,0,0,pt,Portugal,UEFA
952,Leandro Trossard,be Belgium,5.6,0,0,0,4,be,Belgium,UEFA
953,Auston Trusty,us USA,1.1,0,0,0,2,us,USA,
954,Axel Tuanzebe,cd Congo DR,4.0,0,0,0,3,cd,Congo DR,
955,Matt Turner,us USA,1.0,0,0,0,0,us,USA,
956,Ayase Ueda,jp Japan,3.6,0,0,0,6,jp,Japan,
957,Manuel Ugarte,uy Uruguay,2.0,0,0,0,1,uy,Uruguay,CONMEBOL
958,Deniz Undav,de Germany,1.7,0,0,0,3,de,Germany,UEFA
959,Dayot Upamecano,fr France,7.3,0,0,0,7,fr,France,UEFA
960,Jakhongir Urozov,uz Uzbekistan,1.1,0,0,0,0,uz,Uzbekistan,
961,Oston Urunov,uz Uzbekistan,0.7,0,0,0,0,uz,Uzbekistan,
962,Can Uzun,tr Türkiye,0.4,0,0,0,0,tr,Türkiye,UEFA
963,Enner Valencia,ec Ecuador,3.2,0,0,0,4,ec,Ecuador,CONMEBOL
964,Yan Valery,tn Tunisia,2.8,0,0,0,4,tn,Tunisia,
965,Federico Valverde,uy Uruguay,2.6,0,0,0,1,uy,Uruguay,CONMEBOL
966,Virgil van Dijk,nl Netherlands,4.3,0,0,0,2,nl,Netherlands,UEFA
967,Hans Vanaken,be Belgium,3.5,0,0,0,0,be,Belgium,UEFA
968,Guillermo Varela,uy Uruguay,3.0,1,0,0,1,uy,Uruguay,CONMEBOL
969,Hélio Varela,cv Cabo Verde,1.2,0,0,0,1,cv,Cabo Verde,
970,Camilo Vargas,co Colombia,5.3,0,0,0,0,co,Colombia,CONMEBOL
971,Obed Vargas,mx Mexico,0.7,0,0,0,1,mx,Mexico,
972,Ruben Vargas,ch Switzerland,3.2,0,0,0,6,ch,Switzerland,UEFA
973,Nikola Vasilj,ba Bosnia–Herz,4.0,0,0,0,0,ba,Bosnia–Herz,UEFA
974,Johan Vásquez,mx Mexico,4.0,1,0,0,0,mx,Mexico,
975,Alexis Vega,mx Mexico,0.1,0,0,0,0,mx,Mexico,
976,Renato Veiga,pt Portugal,5.0,2,0,0,5,pt,Portugal,UEFA
977,Gustavo Velásquez,py Paraguay,2.7,0,0,0,2,py,Paraguay,CONMEBOL
978,Nishan Velupillay,au Australia,0.8,0,0,0,1,au,Australia,
979,Micky van de Ven,nl Netherlands,2.9,1,0,0,5,nl,Netherlands,UEFA
980,Bart Verbruggen,nl Netherlands,4.3,0,0,0,0,nl,Netherlands,UEFA
981,Matías Viña,uy Uruguay,0.5,0,0,0,0,uy,Uruguay,CONMEBOL
982,Federico Viñas,uy Uruguay,2.1,0,0,0,3,uy,Uruguay,CONMEBOL
983,Denis Višinský,cz Czechia,0.6,0,0,0,0,cz,Czechia,UEFA
984,Pedro Vite,ec Ecuador,4.0,0,0,0,2,ec,Ecuador,CONMEBOL
985,Vitinha,pt Portugal,4.2,0,0,0,4,pt,Portugal,UEFA
986,Nikola Vlašić,hr Croatia,2.1,0,0,0,5,hr,Croatia,UEFA
987,Cristian Volpato,au Australia,1.8,0,0,0,1,au,Australia,
988,Vozinha,cv Cabo Verde,4.3,0,0,0,0,cv,Cabo Verde,
989,Francis de Vries,nz New Zealand,0.2,0,0,0,0,nz,New Zealand,
990,Luka Vušković,hr Croatia,0.7,0,0,0,1,hr,Croatia,UEFA
991,Elye Wahi,ci Côte d'Ivoire,1.2,0,0,0,0,ci,Côte d'Ivoire,
992,Aaron Wan-Bissaka,cd Congo DR,3.9,0,0,0,1,cd,Congo DR,
993,Paul Wanner,at Austria,2.6,0,0,0,4,at,Austria,UEFA
994,Tsuyoshi Watanabe,jp Japan,1.0,0,0,0,0,jp,Japan,
995,Cecilio Waterman,pa Panama,0.8,0,0,0,1,pa,Panama,
996,Ollie Watkins,eng England,0.6,0,0,0,1,eng,England,UEFA
997,Timothy Weah,us USA,0.8,0,0,0,2,us,USA,
998,Wout Weghorst,nl Netherlands,0.6,0,0,0,1,nl,Netherlands,UEFA
999,Jacob Widell Zetterström,se Sweden,2.0,0,0,0,0,se,Sweden,UEFA
1000,Silvan Widmer,ch Switzerland,1.9,0,0,0,2,ch,Switzerland,UEFA
1001,Iñaki Williams,gh Ghana,1.4,1,0,0,2,gh,Ghana,
1002,Nico Williams,es Spain,1.3,0,0,0,2,es,Spain,UEFA
1003,Ronwen Williams,za South Africa,4.0,0,0,0,0,za,South Africa,
1004,Patrick Wimmer,at Austria,0.2,0,0,0,3,at,Austria,UEFA
1005,Florian Wirtz,de Germany,4.0,0,0,0,1,de,Germany,UEFA
1006,Yoane Wissa,cd Congo DR,4.0,0,0,0,5,cd,Congo DR,
1007,Axel Witsel,be Belgium,0.4,1,0,0,2,be,Belgium,UEFA
1008,Nick Woltemade,de Germany,0.4,0,0,0,0,de,Germany,UEFA
1009,Chris Wood,nz New Zealand,3.0,0,0,0,2,nz,New Zealand,
1010,Haji Wright,us USA,0.0,0,0,0,0,us,USA,
1011,Granit Xhaka,ch Switzerland,6.7,2,0,0,4,ch,Switzerland,UEFA
1012,Kevin Yakob,iq Iraq,0.3,0,0,0,1,iq,Iraq,
1013,Lamine Yamal,es Spain,6.8,0,0,0,14,es,Spain,UEFA
1014,Yannick,cv Cabo Verde,0.4,0,0,0,1,cv,Cabo Verde,
1015,Gessime Yassine,ma Morocco,0.9,0,0,0,2,ma,Morocco,
1016,John Yeboah,ec Ecuador,3.5,0,0,0,0,ec,Ecuador,CONMEBOL
1017,Tete Yengi,au Australia,0.3,0,0,0,3,au,Australia,
1018,Kenan Yıldız,tr Türkiye,2.4,0,0,0,2,tr,Türkiye,UEFA
1019,Caleb Yirenkyi,gh Ghana,2.9,2,0,0,7,gh,Ghana,
1020,Seol Young-woo,kr Korea Republic,2.8,0,0,0,1,kr,Korea Republic,
1021,Manaf Younis,iq Iraq,0.8,0,0,0,0,iq,Iraq,
1022,Aria Yousefi,ir IR Iran,0.5,0,0,0,0,ir,IR Iran,
1023,Ali Yousif,iq Iraq,0.4,0,0,0,1,iq,Iraq,
1024,İsmail Yüksek,tr Türkiye,1.5,0,0,0,2,tr,Türkiye,UEFA
1025,Utkir Yusupov,uz Uzbekistan,1.0,0,0,0,0,uz,Uzbekistan,
1026,Warren Zaïre-Emery,fr France,1.2,0,0,0,1,fr,France,UEFA
1027,Denis Zakaria,ch Switzerland,4.0,2,0,0,4,ch,Switzerland,UEFA
1028,Jaroslav Zelený,cz Czechia,1.4,0,0,0,0,cz,Czechia,UEFA
1029,Alejandro Zendejas,us USA,0.2,0,0,0,1,us,USA,
1030,Besfort Zeneli,se Sweden,0.7,0,0,0,1,se,Sweden,UEFA
1031,Ramiz Zerrouki,dz Algeria,1.2,1,0,0,4,dz,Algeria,
1032,Luca Zidane,dz Algeria,3.0,0,0,0,0,dz,Algeria,
1033,Mostafa Ziko,eg Egypt,4.1,0,0,0,6,eg,Egypt,
1034,David Zima,cz Czechia,0.1,0,0,0,0,cz,Czechia,UEFA
1035,Zizo,eg Egypt,0.6,0,0,0,2,eg,Egypt,
1036,Martín Zubimendi,es Spain,0.2,0,0,0,0,es,Spain,UEFA
1037,Themba Zwane,za South Africa,0.3,0,1,0,1,za,South Africa,
1038,Martin Ødegaard,no Norway,5.2,0,0,0,3,no,Norway,UEFA
1039,Leo Østigård,no Norway,1.6,0,0,0,2,no,Norway,UEFA
