No,FIFA_Rank,Player,Abbr,Country,Confederation,Pos,Passes_Att,Passes_Cmp,Cmp_pct
1,1,Rodri,ESP,Spain,UEFA,MF,799,747,93.49
2,2,Pau Cubarsi,ESP,Spain,UEFA,DF,690,668,96.81
3,3,Aymeric Laporte,ESP,Spain,UEFA,DF,660,618,93.64
4,4,Leandro Paredes,ARG,Argentina,CONMEBOL,MF,565,532,94.16
5,5,Marc Guehi,ENG,England,UEFA,DF,532,514,96.62
6,6,Enzo Fernandez,ARG,Argentina,CONMEBOL,MF,519,480,92.49
7,7,Ezri Konsa,ENG,England,UEFA,DF,488,469,96.11
8,8,Manuel Akanji,SUI,Switzerland,UEFA,DF,479,444,92.69
9,9,Marc Cucurella,ESP,Spain,UEFA,DF,474,433,91.35
10,10,Granit Xhaka,SUI,Switzerland,UEFA,MF,470,427,90.85
11,11,Pedri,ESP,Spain,UEFA,MF,469,420,89.55
12,12,Lisandro Martinez,ARG,Argentina,CONMEBOL,DF,450,422,93.78
13,14,Elliot Anderson,ENG,England,UEFA,MF,445,396,88.99
14,15,Dayot Upamecano,FRA,France,UEFA,DF,443,409,92.33
15,16,Nico Elvedi,SUI,Switzerland,UEFA,DF,438,406,92.69
16,18,Gabriel Magalhaes,BRA,Brazil,CONMEBOL,DF,431,413,95.82
17,19,Alexis Mac Allister,ARG,Argentina,CONMEBOL,MF,430,393,91.4
18,19,Cristian Romero,ARG,Argentina,CONMEBOL,DF,430,415,96.51
19,21,Sander Berge,NOR,Norway,UEFA,MF,425,412,96.94
20,22,Pedro Porro,ESP,Spain,UEFA,DF,420,379,90.24
21,23,Michael Olise,FRA,France,UEFA,FW,417,362,86.81
22,24,Vitinha,POR,Portugal,UEFA,MF,403,379,94.04
23,25,Brandon Mechele,BEL,Belgium,UEFA,DF,399,369,92.48
24,28,Marquinhos,BRA,Brazil,CONMEBOL,DF,380,367,96.58
25,29,Jonathan Tah,GER,Germany,UEFA,DF,375,364,97.07
26,30,Joshua Kimmich,GER,Germany,UEFA,DF,368,336,91.3
27,31,Martin Odegaard,NOR,Norway,UEFA,MF,367,322,87.74
28,31,Lionel Messi,ARG,Argentina,CONMEBOL,FW,367,288,78.47
29,33,Davinson Sanchez,COL,Colombia,CONMEBOL,DF,361,324,89.75
30,34,Jan Paul Van Hecke,NED,Netherlands,UEFA,DF,360,335,93.06
31,36,Jules Kounde,FRA,France,UEFA,DF,353,314,88.95
32,37,Adrien Rabiot,FRA,France,UEFA,MF,351,323,92.02
33,38,Virgil Van Dijk,NED,Netherlands,UEFA,DF,347,330,95.1
34,39,Declan Rice,ENG,England,UEFA,MF,340,312,91.76
35,40,Renato Veiga,POR,Portugal,UEFA,DF,336,320,95.24
36,41,Rodrigo De Paul,ARG,Argentina,CONMEBOL,MF,327,300,91.74
37,43,Remo Freuler,SUI,Switzerland,UEFA,MF,324,299,92.28
38,44,William Saliba,FRA,France,UEFA,DF,315,307,97.46
39,46,Unai Simon,ESP,Spain,UEFA,GK,314,253,80.57
40,47,Torbjorn Heggem,NOR,Norway,UEFA,DF,301,282,93.69
41,49,Pedro Vite,ECU,Ecuador,CONMEBOL,MF,297,269,90.57
42,49,Ousmane Dembele,FRA,France,UEFA,FW,297,236,79.46
43,49,Fabian Ruiz,ESP,Spain,UEFA,MF,297,266,89.56
44,52,Ricardo Rodriguez,SUI,Switzerland,UEFA,DF,295,243,82.37
45,52,Moises Caicedo,ECU,Ecuador,CONMEBOL,MF,295,264,89.49
46,54,Danilo,BRA,Brazil,CONMEBOL,DF,294,262,89.12
47,56,Gustavo Puerta,COL,Colombia,CONMEBOL,DF,290,264,91.03
48,58,Jhon Lucumi,COL,Colombia,CONMEBOL,DF,285,262,91.93
49,59,Lucas Digne,FRA,France,UEFA,DF,283,252,89.05
50,62,Nuno Mendes,POR,Portugal,UEFA,DF,282,239,84.75
51,67,Bruno Fernandes,POR,Portugal,UEFA,MF,278,239,85.97
52,68,Nahuel Molina,ARG,Argentina,CONMEBOL,DF,276,234,84.78
53,69,Douglas Santos,BRA,Brazil,CONMEBOL,DF,275,256,93.09
54,71,Jefferson Lerma,COL,Colombia,CONMEBOL,MF,274,242,88.32
55,72,Kristoffer Ajer,NOR,Norway,UEFA,DF,273,256,93.77
56,73,Florian Wirtz,GER,Germany,UEFA,MF,271,223,82.29
57,75,Emiliano Martinez,ARG,Argentina,CONMEBOL,GK,268,195,72.76
58,76,Josip Sutalo,CRO,Croatia,UEFA,DF,267,241,90.26
59,77,Jordan Pickford,ENG,England,UEFA,GK,265,190,71.7
60,77,Lamine Yamal,ESP,Spain,UEFA,FW,265,225,84.91
61,80,Timothy Castagne,BEL,Belgium,UEFA,DF,263,230,87.45
62,80,Manu Kone,FRA,France,UEFA,MF,263,242,92.02
63,82,Joao Neves,POR,Portugal,UEFA,MF,261,247,94.64
64,83,Aleksandar Pavlovic,GER,Germany,UEFA,MF,260,240,92.31
65,85,Youri Tielemans,BEL,Belgium,UEFA,MF,255,221,86.67
66,85,Gregor Kobel,SUI,Switzerland,UEFA,GK,255,190,74.51
67,87,Aurelien Tchouameni,FRA,France,UEFA,MF,254,239,94.09
68,88,Ruben Dias,POR,Portugal,UEFA,DF,249,233,93.57
69,89,Luka Modric,CRO,Croatia,UEFA,MF,248,225,90.73
70,90,Maxim De Cuyper,BEL,Belgium,UEFA,DF,246,203,82.52
71,90,Antonio Ruediger,GER,Germany,UEFA,DF,246,230,93.5
72,94,Frenkie De Jong,NED,Netherlands,UEFA,MF,243,224,92.18
73,95,Abdulkerim Bardakci,TUR,Türkiye,UEFA,DF,242,222,91.74
74,96,Jhon Arias,COL,Colombia,CONMEBOL,MF,240,227,94.58
75,98,Willian Pacho,ECU,Ecuador,CONMEBOL,DF,238,217,91.18
76,100,James Rodriguez,COL,Colombia,CONMEBOL,MF,237,199,83.97
77,104,Kylian Mbappe,FRA,France,UEFA,FW,232,201,86.64
78,105,Jude Bellingham,ENG,England,UEFA,MF,231,191,82.68
79,107,Nicolas Raskin,BEL,Belgium,UEFA,MF,230,197,85.65
80,108,Dani Olmo,ESP,Spain,UEFA,FW,229,207,90.39
81,109,Mathias Olivera,URU,Uruguay,CONMEBOL,DF,226,213,94.25
82,112,Mike Maignan,FRA,France,UEFA,GK,225,179,79.56
83,113,Casemiro,BRA,Brazil,CONMEBOL,MF,224,200,89.29
84,114,David Alaba,AUT,Austria,UEFA,DF,222,198,89.19
85,118,Nathan Ngoy,BEL,Belgium,UEFA,DF,219,205,93.61
86,119,Alex Baena,ESP,Spain,UEFA,MF,218,178,81.65
87,121,Nicolas Tagliafico,ARG,Argentina,CONMEBOL,DF,217,190,87.56
88,122,Nico Oreilly,ENG,England,UEFA,DF,216,200,92.59
89,123,Julian Alvarez,ARG,Argentina,CONMEBOL,FW,215,183,85.12
90,124,Daniel Munoz,COL,Colombia,CONMEBOL,DF,213,194,91.08
91,128,Mateo Kovacic,CRO,Croatia,UEFA,MF,208,198,95.19
92,130,Gustaf Lagerbielke,SWE,Sweden,UEFA,DF,206,173,83.98
93,131,Orjan Nyland,NOR,Norway,UEFA,GK,204,138,67.65
94,132,Camilo Vargas,COL,Colombia,CONMEBOL,GK,202,157,77.72
95,132,Johan Mojica,COL,Colombia,CONMEBOL,DF,202,161,79.7
96,135,Lewis Ferguson,SCO,Scotland,UEFA,MF,201,185,92.04
97,135,Djed Spence,ENG,England,UEFA,DF,201,177,88.06
98,138,Marin Pongracic,CRO,Croatia,UEFA,DF,200,182,91.0
99,138,Bruno Guimaraes,BRA,Brazil,CONMEBOL,MF,200,161,80.5
100,138,Victor Lindelof,SWE,Sweden,UEFA,DF,200,190,95.0
101,143,Leandro Trossard,BEL,Belgium,UEFA,FW,199,171,85.93
102,147,Arda Guler,TUR,Türkiye,UEFA,FW,198,170,85.86
103,147,Thibaut Courtois,BEL,Belgium,UEFA,GK,198,144,72.73
104,149,Desire Doue,FRA,France,UEFA,FW,196,167,85.2
105,154,Lucas Paqueta,BRA,Brazil,CONMEBOL,MF,190,162,85.26
106,154,Hakan Calhanoglu,TUR,Türkiye,UEFA,MF,190,171,90.0
107,157,Piero Hincapie,ECU,Ecuador,CONMEBOL,DF,189,160,84.66
108,157,Leroy Sane,GER,Germany,UEFA,MF,189,161,85.19
109,159,Reece James,ENG,England,UEFA,DF,188,173,92.02
110,161,Nicolas Otamendi,ARG,Argentina,CONMEBOL,DF,187,178,95.19
111,163,David Moller Wolfe,NOR,Norway,UEFA,DF,186,162,87.1
112,164,Kevin De Bruyne,BEL,Belgium,UEFA,MF,185,153,82.7
113,164,Denis Zakaria,SUI,Switzerland,UEFA,MF,185,160,86.49
114,166,Joao Cancelo,POR,Portugal,UEFA,DF,184,160,86.96
115,166,John Stones,ENG,England,UEFA,DF,184,178,96.74
116,173,Jack Hendry,SCO,Scotland,UEFA,DF,180,171,95.0
117,174,Denzel Dumfries,NED,Netherlands,UEFA,DF,179,147,82.12
118,175,Fredrik Aursnes,NOR,Norway,UEFA,MF,178,158,88.76
119,177,Ferdi Kadioglu,TUR,Türkiye,UEFA,DF,175,161,92.0
120,178,Rodrigo Bentancur,URU,Uruguay,CONMEBOL,MF,174,157,90.23
121,178,Patrick Berg,NOR,Norway,UEFA,MF,174,161,92.53
122,180,Sead Kolasinac,BIH,Bosnia and Herzegovina,UEFA,DF,173,141,81.5
123,181,Sebastian Caceres,URU,Uruguay,CONMEBOL,DF,172,154,89.53
124,184,Thiago Almada,ARG,Argentina,CONMEBOL,FW,170,154,90.59
125,189,Luis Diaz,COL,Colombia,CONMEBOL,FW,166,145,87.35
126,192,Nikola Katic,BIH,Bosnia and Herzegovina,UEFA,DF,165,148,89.7
127,194,Kevin Danso,AUT,Austria,UEFA,DF,164,147,89.63
128,194,Arthur Theate,BEL,Belgium,UEFA,DF,164,153,93.29
129,194,Hans Vanaken,BEL,Belgium,UEFA,MF,164,153,93.29
130,197,Facundo Medina,ARG,Argentina,CONMEBOL,DF,163,150,92.02
131,200,Josip Stanisic,CRO,Croatia,UEFA,DF,162,140,86.42
132,203,Ladislav Krejci,CZE,Czechia,UEFA,DF,160,135,84.38
133,205,Orlando Gill,PAR,Paraguay,CONMEBOL,GK,159,68,42.77
134,208,Nikola Vasilj,BIH,Bosnia and Herzegovina,UEFA,GK,155,94,60.65
135,208,Pedro Neto,POR,Portugal,UEFA,FW,155,137,88.39
136,213,Nicolas Seiwald,AUT,Austria,UEFA,MF,153,141,92.16
137,213,Andy Robertson,SCO,Scotland,UEFA,DF,153,124,81.05
138,213,Stjepan Radeljic,BIH,Bosnia and Herzegovina,UEFA,DF,153,137,89.54
139,213,Tarik Muharemovic,BIH,Bosnia and Herzegovina,UEFA,DF,153,132,86.27
140,218,Marcos Llorente,ESP,Spain,UEFA,DF,152,142,93.42
141,222,Konrad Laimer,AUT,Austria,UEFA,MF,150,130,86.67
142,222,Ivan Perisic,CRO,Croatia,UEFA,FW,150,132,88.0
143,224,Julian Ryerson,NOR,Norway,UEFA,FW,149,131,87.92
144,224,Theo Hernandez,FRA,France,UEFA,DF,149,139,93.29
145,224,Mikel Oyarzabal,ESP,Spain,UEFA,FW,149,124,83.22
146,229,Alan Franco,ECU,Ecuador,CONMEBOL,MF,148,140,94.59
147,231,Gabriel Gudmundsson,SWE,Sweden,UEFA,DF,147,112,76.19
148,231,Gonzalo Plata,ECU,Ecuador,CONMEBOL,FW,147,118,80.27
149,238,Vinicius Junior,BRA,Brazil,CONMEBOL,FW,142,116,81.69
150,243,Philipp Lienhart,AUT,Austria,UEFA,DF,140,128,91.43
151,247,Xaver Schlager,AUT,Austria,UEFA,MF,138,130,94.2
152,249,Manuel Ugarte,URU,Uruguay,CONMEBOL,MF,136,118,86.76
153,254,Guillermo Varela,URU,Uruguay,CONMEBOL,DF,134,119,88.81
154,255,Alisson,BRA,Brazil,CONMEBOL,GK,132,107,81.06
155,255,Stefan Posch,AUT,Austria,UEFA,DF,132,98,74.24
156,257,Nathaniel Brown,GER,Germany,UEFA,DF,131,115,87.79
157,257,Felix Nmecha,GER,Germany,UEFA,MF,131,120,91.6
158,262,Maxence Lacroix,FRA,France,UEFA,DF,130,125,96.15
159,265,Manuel Neuer,GER,Germany,UEFA,GK,129,118,91.47
160,265,Dominik Livakovic,CRO,Croatia,UEFA,GK,129,95,73.64
161,265,Juan Jose Caceres,PAR,Paraguay,CONMEBOL,DF,129,80,62.02
162,271,Isak Hien,SWE,Sweden,UEFA,DF,128,122,95.31
163,273,Petar Sucic,CRO,Croatia,UEFA,MF,127,110,86.61
164,276,Marcel Sabitzer,AUT,Austria,UEFA,MF,126,94,74.6
165,276,Ryan Gravenberch,NED,Netherlands,UEFA,MF,126,111,88.1
166,278,Diogo Costa,POR,Portugal,UEFA,GK,125,98,78.4
167,283,Merih Demiral,TUR,Türkiye,UEFA,DF,124,119,95.97
168,285,Bart Verbruggen,NED,Netherlands,UEFA,GK,123,89,72.36
169,285,Nathan Ake,NED,Netherlands,UEFA,DF,123,112,91.06
170,285,Alexander Schlager,AUT,Austria,UEFA,GK,123,106,86.18
171,285,Nico Schlotterbeck,GER,Germany,UEFA,DF,123,110,89.43
172,294,Kenan Yildiz,TUR,Türkiye,UEFA,FW,121,108,89.26
173,294,Morgan Rogers,ENG,England,UEFA,MF,121,102,84.3
174,297,Federico Valverde,URU,Uruguay,CONMEBOL,MF,120,98,81.67
175,299,Angus Gunn,SCO,Scotland,UEFA,GK,119,90,75.63
176,301,Andres Cubas,PAR,Paraguay,CONMEBOL,MF,117,97,82.91
177,301,Kai Havertz,GER,Germany,UEFA,FW,117,101,86.32
178,301,Bradley Barcola,FRA,France,UEFA,FW,117,106,90.6
179,301,Micky Van De Ven,NED,Netherlands,UEFA,DF,117,105,89.74
180,309,Thomas Meunier,BEL,Belgium,UEFA,DF,116,98,84.48
181,309,Junior Alonso,PAR,Paraguay,CONMEBOL,DF,116,69,59.48
182,309,Robin Hranac,CZE,Czechia,UEFA,DF,116,104,89.66
183,318,Joel Ordonez,ECU,Ecuador,CONMEBOL,DF,113,101,89.38
184,318,Matias Galarza,PAR,Paraguay,CONMEBOL,MF,113,82,72.57
185,318,Anthony Gordon,ENG,England,UEFA,FW,113,96,84.96
186,326,Oscar Bobb,NOR,Norway,UEFA,MF,111,102,91.89
187,326,Ismail Yuksek,TUR,Türkiye,UEFA,MF,111,104,93.69
188,331,Vladimir Coufal,CZE,Czechia,UEFA,DF,110,79,71.82
189,331,Alexander Sorloth,NOR,Norway,UEFA,FW,110,88,80.0
190,335,Nathan Patterson,SCO,Scotland,UEFA,DF,109,94,86.24
191,335,Nico Gonzalez,ARG,Argentina,CONMEBOL,MF,109,90,82.57
192,343,Yasin Ayari,SWE,Sweden,UEFA,MF,107,84,78.5
193,343,Benjamin Tahirovic,BIH,Bosnia and Herzegovina,UEFA,MF,107,91,85.05
194,343,Marcus Holmgren Pedersen,NOR,Norway,UEFA,DF,107,87,81.31
195,350,Jarell Quansah,ENG,England,UEFA,DF,106,92,86.79
196,356,Hernan Galindez,ECU,Ecuador,CONMEBOL,GK,105,70,66.67
197,361,John Yeboah,ECU,Ecuador,CONMEBOL,FW,104,85,81.73
198,361,Marcus Rashford,ENG,England,UEFA,FW,104,92,88.46
199,361,Jamal Musiala,GER,Germany,UEFA,MF,104,86,82.69
200,361,Rayan Cherki,FRA,France,UEFA,MF,104,89,85.58
201,361,Andreas Schjelderup,NOR,Norway,UEFA,MF,104,89,85.58
202,361,Ivan Basic,BIH,Bosnia and Herzegovina,UEFA,MF,104,96,92.31
203,369,Juan Manuel Sanabria,URU,Uruguay,CONMEBOL,MF,103,89,86.41
204,372,Ivan Sunjic,BIH,Bosnia and Herzegovina,UEFA,MF,102,88,86.27
205,372,Tomas Araujo,POR,Portugal,UEFA,DF,102,98,96.08
206,376,Diego Gomez,PAR,Paraguay,CONMEBOL,MF,101,80,79.21
207,376,Mikel Merino,ESP,Spain,UEFA,MF,101,89,88.12
208,376,Grant Hanley,SCO,Scotland,UEFA,DF,101,94,93.07
209,376,Bukayo Saka,ENG,England,UEFA,FW,101,81,80.2
210,381,Cody Gakpo,NED,Netherlands,UEFA,FW,100,79,79.0
211,381,Gonzalo Montiel,ARG,Argentina,CONMEBOL,DF,100,81,81.0
212,383,Rayan,BRA,Brazil,CONMEBOL,FW,99,93,93.94
213,383,Cristiano Ronaldo,POR,Portugal,UEFA,FW,99,86,86.87
214,383,Leo Ostigard,NOR,Norway,UEFA,DF,99,84,84.85
215,383,Harry Kane,ENG,England,UEFA,FW,99,73,73.74
216,383,Amar Dedic,BIH,Bosnia and Herzegovina,UEFA,DF,99,80,80.81
217,392,Ugurcan Cakir,TUR,Türkiye,UEFA,GK,98,77,78.57
218,396,Omar Alderete,PAR,Paraguay,CONMEBOL,DF,97,70,72.16
219,396,Eberechi Eze,ENG,England,UEFA,MF,97,89,91.75
220,396,Djibril Sow,SUI,Switzerland,UEFA,MF,97,83,85.57
221,396,Matej Kovar,CZE,Czechia,UEFA,GK,97,62,63.92
222,403,Scott Mctominay,SCO,Scotland,UEFA,MF,96,87,90.62
223,408,Exequiel Palacios,ARG,Argentina,CONMEBOL,MF,94,89,94.68
224,408,Noni Madueke,ENG,England,UEFA,FW,94,82,87.23
225,411,Martin Baturina,CRO,Croatia,UEFA,MF,93,80,86.02
226,420,Dan Ndoye,SUI,Switzerland,UEFA,FW,92,73,79.35
227,422,Romano Schmid,AUT,Austria,UEFA,MF,91,65,71.43
228,422,Charles De Ketelaere,BEL,Belgium,UEFA,FW,91,72,79.12
229,422,Nelson Semedo,POR,Portugal,UEFA,DF,91,84,92.31
230,422,Gustavo Gomez,PAR,Paraguay,CONMEBOL,DF,91,80,87.91
231,427,Matheus Cunha,BRA,Brazil,CONMEBOL,FW,90,78,86.67
232,427,Jeremy Doku,BEL,Belgium,UEFA,FW,90,74,82.22
233,427,Kerim Alajbegovic,BIH,Bosnia and Herzegovina,UEFA,FW,90,69,76.67
234,431,Juan Quintero,COL,Colombia,CONMEBOL,MF,89,74,83.15
235,431,Josko Gvardiol,CRO,Croatia,UEFA,DF,89,77,86.52
236,436,Ruben Vargas,SUI,Switzerland,UEFA,FW,88,65,73.86
237,436,Lucas Bergvall,SWE,Sweden,UEFA,MF,88,80,90.91
238,439,Fabian Rieder,SUI,Switzerland,UEFA,MF,87,71,81.61
239,444,Ferran Torres,ESP,Spain,UEFA,FW,86,63,73.26
240,446,Orkun Kokcu,TUR,Türkiye,UEFA,MF,85,60,70.59
241,448,Michal Sadilek,CZE,Czechia,UEFA,MF,84,69,82.14
242,450,Antonio Nusa,NOR,Norway,UEFA,FW,83,62,74.7
243,453,Rafael Leao,POR,Portugal,UEFA,FW,82,71,86.59
244,453,Giuliano Simeone,ARG,Argentina,CONMEBOL,FW,82,70,85.37
245,457,Mert Muldur,TUR,Türkiye,UEFA,DF,81,72,88.89
246,457,Alexander Isak,SWE,Sweden,UEFA,FW,81,65,80.25
247,462,Gustavo Velazquez,PAR,Paraguay,CONMEBOL,DF,80,57,71.25
248,462,Paul Wanner,AUT,Austria,UEFA,MF,80,68,85.0
249,468,Zeki Celik,TUR,Türkiye,UEFA,DF,79,70,88.61
250,468,Marcos Senesi,ARG,Argentina,CONMEBOL,DF,79,75,94.94
251,473,Nilson Angulo,ECU,Ecuador,CONMEBOL,FW,78,63,80.77
252,480,Anthony Elanga,SWE,Sweden,UEFA,FW,76,60,78.95
253,480,Michel Aebischer,SUI,Switzerland,UEFA,MF,76,66,86.84
254,480,Malo Gusto,FRA,France,UEFA,DF,76,69,90.79
255,488,Francisco Conceicao,POR,Portugal,UEFA,FW,73,65,89.04
256,488,Silvan Widmer,SUI,Switzerland,UEFA,DF,73,57,78.08
257,488,Jacob Widell Zetterstrom,SWE,Sweden,UEFA,GK,73,39,53.42
258,495,Breel Embolo,SUI,Switzerland,UEFA,FW,72,56,77.78
259,498,Esmir Bajraktarevic,BIH,Bosnia and Herzegovina,UEFA,FW,71,58,81.69
260,498,Fernando Muslera,URU,Uruguay,CONMEBOL,GK,71,57,80.28
261,498,Lautaro Martinez,ARG,Argentina,CONMEBOL,FW,71,60,84.51
262,504,Viktor Gyokeres,SWE,Sweden,UEFA,FW,70,48,68.57
263,504,Warren Zaire Emery,FRA,France,UEFA,MF,70,66,94.29
264,507,Mauricio,PAR,Paraguay,CONMEBOL,MF,69,54,78.26
265,513,Julio Enciso,PAR,Paraguay,CONMEBOL,FW,68,55,80.88
266,513,Agustin Canobbio,URU,Uruguay,CONMEBOL,MF,68,61,89.71
267,518,Tijjani Reijnders,NED,Netherlands,UEFA,MF,67,53,79.1
268,518,Crysencio Summerville,NED,Netherlands,UEFA,FW,67,56,83.58
269,518,Miguel Almiron,PAR,Paraguay,CONMEBOL,MF,67,49,73.13
270,518,Alexander Bernhardsson,SWE,Sweden,UEFA,DF,67,51,76.12
271,525,Kristoffer Nordfeldt,SWE,Sweden,UEFA,GK,66,45,68.18
272,525,Tomas Holes,CZE,Czechia,UEFA,DF,66,55,83.33
273,531,Alexandr Sojka,CZE,Czechia,UEFA,MF,65,52,80.0
274,531,Gabriel Martinelli,BRA,Brazil,CONMEBOL,FW,65,59,90.77
275,535,Phillip Mwene,AUT,Austria,UEFA,DF,64,56,87.5
276,535,Amadou Onana,BEL,Belgium,UEFA,MF,64,57,89.06
277,541,Kenny Mclean,SCO,Scotland,UEFA,MF,63,56,88.89
278,541,Teun Koopmeiners,NED,Netherlands,UEFA,MF,63,54,85.71
279,546,Salih Ozcan,TUR,Türkiye,UEFA,MF,61,52,85.25
280,546,Pervis Estupinan,ECU,Ecuador,CONMEBOL,DF,61,55,90.16
281,550,Florian Grillitsch,AUT,Austria,UEFA,MF,60,55,91.67
282,550,Joao Felix,POR,Portugal,UEFA,FW,60,47,78.33
283,554,Bernardo Silva,POR,Portugal,UEFA,MF,59,55,93.22
284,554,Eren Elmali,TUR,Türkiye,UEFA,DF,59,52,88.14
285,566,Maxi Araujo,URU,Uruguay,CONMEBOL,MF,57,50,87.72
286,567,Nico Paz,ARG,Argentina,CONMEBOL,FW,56,54,96.43
287,567,Richard Rios,COL,Colombia,CONMEBOL,MF,56,47,83.93
288,572,Nicolas De La Cruz,URU,Uruguay,CONMEBOL,MF,55,45,81.82
289,572,John Mcginn,SCO,Scotland,UEFA,MF,55,47,85.45
290,572,Dodi Lukebakio,BEL,Belgium,UEFA,FW,55,44,80.0
291,577,Johan Manzambi,SUI,Switzerland,UEFA,MF,54,43,79.63
292,582,Luis Suarez,COL,Colombia,CONMEBOL,FW,53,39,73.58
293,584,David Raum,GER,Germany,UEFA,DF,52,44,84.62
294,584,Ben Gannon Doak,SCO,Scotland,UEFA,FW,52,47,90.38
295,584,Scott Mckenna,SCO,Scotland,UEFA,DF,52,49,94.23
296,584,Yunus Akgun,TUR,Türkiye,UEFA,FW,52,41,78.85
297,584,Amar Memic,BIH,Bosnia and Herzegovina,UEFA,MF,52,39,75.0
298,593,Giovani Lo Celso,ARG,Argentina,CONMEBOL,MF,51,47,92.16
299,593,Pavel Sulc,CZE,Czechia,UEFA,FW,51,39,76.47
300,598,Nico Williams,ESP,Spain,UEFA,FW,50,45,90.0
301,598,Benjamin Nygren,SWE,Sweden,UEFA,MF,50,46,92.0
302,598,Mario Pasalic,CRO,Croatia,UEFA,MF,50,45,90.0
303,603,Elliot Stroud,SWE,Sweden,UEFA,DF,49,38,77.55
304,605,Lukas Provod,CZE,Czechia,UEFA,MF,48,37,77.08
305,605,Edin Dzeko,BIH,Bosnia and Herzegovina,UEFA,FW,48,33,68.75
306,605,Kieran Tierney,SCO,Scotland,UEFA,DF,48,36,75.0
307,616,Jaroslav Zeleny,CZE,Czechia,UEFA,DF,47,35,74.47
308,616,David Doudera,CZE,Czechia,UEFA,DF,47,34,72.34
309,616,Angelo Preciado,ECU,Ecuador,CONMEBOL,DF,47,32,68.09
310,616,Erling Haaland,NOR,Norway,UEFA,FW,47,34,72.34
311,624,Oguz Aydin,TUR,Türkiye,UEFA,FW,46,39,84.78
312,624,Daniel Svensson,SWE,Sweden,UEFA,DF,46,38,82.61
313,632,Tomas Soucek,CZE,Czechia,UEFA,MF,44,35,79.55
314,632,Raphinha,BRA,Brazil,CONMEBOL,FW,44,30,68.18
315,638,Santiago Arias,COL,Colombia,CONMEBOL,DF,43,37,86.05
316,638,Fabinho,BRA,Brazil,CONMEBOL,MF,43,42,97.67
317,638,Thelo Aasgaard,NOR,Norway,UEFA,MF,43,38,88.37
318,638,Luka Vuskovic,CRO,Croatia,UEFA,DF,43,38,88.37
319,644,Lukas Cerv,CZE,Czechia,UEFA,MF,42,36,85.71
320,644,Aaron Hickey,SCO,Scotland,UEFA,DF,42,38,90.48
321,644,Alexis Saelemaekers,BEL,Belgium,UEFA,MF,42,33,78.57
322,644,Romelu Lukaku,BEL,Belgium,UEFA,FW,42,32,76.19
323,649,Dean Henderson,ENG,England,UEFA,GK,41,32,78.05
324,649,Luca Jaquez,SUI,Switzerland,UEFA,DF,41,31,75.61
325,658,Nikola Vlasic,CRO,Croatia,UEFA,MF,40,33,82.5
326,658,Enner Valencia,ECU,Ecuador,CONMEBOL,FW,40,33,82.5
327,658,Miro Muheim,SUI,Switzerland,UEFA,DF,40,31,77.5
328,662,Ermedin Demirovic,BIH,Bosnia and Herzegovina,UEFA,FW,39,29,74.36
329,662,Diogo Dalot,POR,Portugal,UEFA,DF,39,34,87.18
330,666,Malick Thiaw,GER,Germany,UEFA,DF,38,33,86.84
331,666,Baris Alper Yilmaz,TUR,Türkiye,UEFA,FW,38,29,76.32
332,666,Besfort Zeneli,SWE,Sweden,UEFA,MF,38,34,89.47
333,671,Marco Pasalic,CRO,Croatia,UEFA,FW,37,23,62.16
334,671,Jesper Karlstrom,SWE,Sweden,UEFA,MF,37,31,83.78
335,674,Ozan Kabak,TUR,Türkiye,UEFA,DF,36,26,72.22
336,681,Ryan Christie,SCO,Scotland,UEFA,MF,35,29,82.86
337,686,Lawrence Shankland,SCO,Scotland,UEFA,FW,34,20,58.82
338,686,Angelo Stiller,GER,Germany,UEFA,MF,34,31,91.18
339,686,Donyell Malen,NED,Netherlands,UEFA,FW,34,27,79.41
340,686,Ibrahima Konate,FRA,France,UEFA,DF,34,32,94.12
341,696,Jordy Alcivar,ECU,Ecuador,CONMEBOL,MF,33,31,93.94
342,702,Damian Bobadilla,PAR,Paraguay,CONMEBOL,MF,32,24,75.0
343,702,Marko Arnautovic,AUT,Austria,UEFA,FW,32,25,78.12
344,707,Gavi,ESP,Spain,UEFA,MF,31,29,93.55
345,707,Deniz Undav,GER,Germany,UEFA,FW,31,23,74.19
346,707,Marco Friedl,AUT,Austria,UEFA,DF,31,30,96.77
347,714,Ardon Jashari,SUI,Switzerland,UEFA,MF,30,25,83.33
348,714,Waldemar Anton,GER,Germany,UEFA,DF,30,29,96.67
349,714,Carney Chukwuemeka,AUT,Austria,UEFA,MF,30,25,83.33
350,714,Leon Goretzka,GER,Germany,UEFA,MF,30,23,76.67
351,714,Egil Selvik,NOR,Norway,UEFA,GK,30,19,63.33
352,714,Danilo Santos,BRA,Brazil,CONMEBOL,MF,30,23,76.67
353,726,Federico Vinas,URU,Uruguay,CONMEBOL,FW,29,18,62.07
354,726,Matias Vina,URU,Uruguay,CONMEBOL,DF,29,23,79.31
355,726,Yeremy Pino,ESP,Spain,UEFA,FW,29,25,86.21
356,726,Michael Gregoritsch,AUT,Austria,UEFA,FW,29,20,68.97
357,726,Ruben Neves,POR,Portugal,UEFA,MF,29,27,93.1
358,739,Patrik Schick,CZE,Czechia,UEFA,FW,28,24,85.71
359,743,Jose Canale,PAR,Paraguay,CONMEBOL,DF,27,18,66.67
360,743,Kevin Rodriguez,ECU,Ecuador,CONMEBOL,FW,27,23,85.19
361,749,Brian Rodriguez,URU,Uruguay,CONMEBOL,FW,26,19,73.08
362,749,Neymar Jr,BRA,Brazil,CONMEBOL,FW,26,21,80.77
363,749,Adam Hlozek,CZE,Czechia,UEFA,FW,26,18,69.23
364,753,Darwin Nunez,URU,Uruguay,CONMEBOL,FW,25,20,80.0
365,753,Alexander Prass,AUT,Austria,UEFA,MF,25,22,88.0
366,759,Sasa Kalajdzic,AUT,Austria,UEFA,FW,24,16,66.67
367,759,Jorgen Strand Larsen,NOR,Norway,UEFA,FW,24,18,75.0
368,759,Kristian Thorstvedt,NOR,Norway,UEFA,MF,24,19,79.17
369,759,Armin Gigovic,BIH,Bosnia and Herzegovina,UEFA,MF,24,17,70.83
370,759,Martin Zubimendi,ESP,Spain,UEFA,MF,24,22,91.67
371,759,Can Uzun,TUR,Türkiye,UEFA,FW,24,22,91.67
372,768,Deiver Machado,COL,Colombia,CONMEBOL,DF,23,22,95.65
373,768,Gabriel Avalos,PAR,Paraguay,CONMEBOL,FW,23,12,52.17
374,768,Henrik Falchener,NOR,Norway,UEFA,DF,23,18,78.26
375,779,Stepan Chaloupek,CZE,Czechia,UEFA,DF,22,15,68.18
376,779,Roger Ibanez,BRA,Brazil,CONMEBOL,DF,22,22,100.0
377,789,Brian Brobbey,NED,Netherlands,UEFA,FW,21,18,85.71
378,789,Ivan Toney,ENG,England,UEFA,FW,21,15,71.43
379,789,Fredrik Andre Bjorkan,NOR,Norway,UEFA,DF,21,19,90.48
380,796,Nadiem Amiri,GER,Germany,UEFA,MF,20,17,85.0
381,796,Andrej Kramaric,CRO,Croatia,UEFA,FW,20,17,85.0
382,796,Valentin Barco,ARG,Argentina,CONMEBOL,MF,20,17,85.0
383,796,Endrick,BRA,Brazil,CONMEBOL,FW,20,16,80.0
