Rk,Player,Squad,90s,CrdY,CrdR,2CrdY,Fls,Code,Team,Confederation,Cards_received,Cards_per_100_fouls
17,Ché Adams,sct Scotland,1.6,0,0,0,4,sct,Scotland,UEFA,0,0.0
24,Michel Aebischer,ch Switzerland,1.7,0,0,0,3,ch,Switzerland,UEFA,0,0.0
31,Kristoffer Ajer,no Norway,5.3,1,0,0,2,no,Norway,UEFA,1,50.0
32,Manuel Akanji,ch Switzerland,6.7,0,0,0,4,ch,Switzerland,UEFA,0,0.0
33,Nathan Aké,nl Netherlands,1.9,0,0,0,2,nl,Netherlands,UEFA,0,0.0
34,Yunus Akgün,tr Türkiye,1.0,1,0,0,2,tr,Türkiye,UEFA,1,50.0
38,David Alaba,at Austria,3.1,0,0,0,2,at,Austria,UEFA,0,0.0
39,Kerim Alajbegović,ba Bosnia–Herz,3.1,0,0,0,4,ba,Bosnia–Herz,UEFA,0,0.0
40,Jordy Alcivar,ec Ecuador,0.5,1,0,0,1,ec,Ecuador,CONMEBOL,1,100.0
41,Omar Alderete,py Paraguay,3.6,0,0,0,2,py,Paraguay,CONMEBOL,0,0.0
49,Thiago Almada,ar Argentina,2.7,1,0,0,2,ar,Argentina,CONMEBOL,1,50.0
50,Miguel Almirón,py Paraguay,3.1,1,1,0,2,py,Paraguay,CONMEBOL,2,100.0
51,Júnior Alonso,py Paraguay,4.3,1,0,0,3,py,Paraguay,CONMEBOL,1,33.33333333333333
52,Barış Alper Yılmaz,tr Türkiye,2.0,0,0,0,4,tr,Türkiye,UEFA,0,0.0
55,Julián Álvarez,ar Argentina,6.7,0,0,0,11,ar,Argentina,CONMEBOL,0,0.0
57,Zeki Amdouni,ch Switzerland,0.8,0,0,0,5,ch,Switzerland,UEFA,0,0.0
66,Elliot Anderson,eng England,7.0,1,0,0,9,eng,England,UEFA,1,11.11111111111111
69,Nilson Angulo,ec Ecuador,2.4,0,0,0,4,ec,Ecuador,CONMEBOL,0,0.0
70,Waldemar Anton,de Germany,0.6,0,0,0,3,de,Germany,UEFA,0,0.0
75,Maxi Araújo,uy Uruguay,2.8,0,0,0,2,uy,Uruguay,CONMEBOL,0,0.0
76,Tomás Araújo,pt Portugal,1.0,1,0,0,1,pt,Portugal,UEFA,1,100.0
78,Álex Arce,py Paraguay,0.6,1,0,0,1,py,Paraguay,CONMEBOL,1,100.0
81,Jhon Arias,co Colombia,4.2,1,0,0,5,co,Colombia,CONMEBOL,1,20.0
82,Santiago Arias,co Colombia,1.0,0,0,0,1,co,Colombia,CONMEBOL,0,0.0
83,Marko Arnautović,at Austria,1.6,1,0,0,3,at,Austria,UEFA,1,33.33333333333333
89,Fredrik Aursnes,no Norway,3.4,0,0,0,5,no,Norway,UEFA,0,0.0
90,Gabriel Ávalos,py Paraguay,1.6,0,0,0,1,py,Paraguay,CONMEBOL,0,0.0
91,Yasin Ayari,se Sweden,3.8,1,0,0,4,se,Sweden,UEFA,1,25.0
99,Álex Baena,es Spain,5.3,1,0,0,13,es,Spain,UEFA,1,7.6923076923076925
100,Esmir Bajraktarevic,ba Bosnia–Herz,2.6,0,0,0,1,ba,Bosnia–Herz,UEFA,0,0.0
107,Bradley Barcola,fr France,4.3,1,0,0,5,fr,France,UEFA,1,20.0
108,Abdülkerim Bardakcı,tr Türkiye,2.9,0,0,0,1,tr,Türkiye,UEFA,0,0.0
109,Ivan Bašić,ba Bosnia–Herz,2.0,0,0,0,2,ba,Bosnia–Herz,UEFA,0,0.0
111,Martin Baturina,hr Croatia,3.6,0,0,0,1,hr,Croatia,UEFA,0,0.0
113,Samed Baždar,ba Bosnia–Herz,0.3,0,0,0,1,ba,Bosnia–Herz,UEFA,0,0.0
117,Maximilian Beier,de Germany,0.3,0,0,0,1,de,Germany,UEFA,0,0.0
123,Jude Bellingham,eng England,6.8,1,0,0,9,eng,England,UEFA,1,11.11111111111111
131,Rodrigo Bentancur,uy Uruguay,3.0,1,0,0,7,uy,Uruguay,CONMEBOL,1,14.285714285714285
132,Patrick Berg,no Norway,4.9,1,0,0,4,no,Norway,UEFA,1,25.0
133,Sander Berge,no Norway,5.3,0,0,0,6,no,Norway,UEFA,0,0.0
134,Lucas Bergvall,se Sweden,2.0,1,0,0,7,se,Sweden,UEFA,1,14.285714285714285
136,Alexander Bernhardsson,se Sweden,2.4,0,0,0,2,se,Sweden,UEFA,0,0.0
139,Damián Bobadilla,py Paraguay,2.1,0,0,0,1,py,Paraguay,CONMEBOL,0,0.0
140,Oscar Bobb,no Norway,2.5,0,0,0,1,no,Norway,UEFA,0,0.0
154,Brian Brobbey,nl Netherlands,2.5,0,0,0,4,nl,Netherlands,UEFA,0,0.0
156,Nathaniel Brown,de Germany,3.1,0,0,0,4,de,Germany,UEFA,0,0.0
158,Ante Budimir,hr Croatia,1.7,0,0,0,6,hr,Croatia,UEFA,0,0.0
161,Dan Burn,eng England,0.4,0,0,0,1,eng,England,UEFA,0,0.0
163,Gustavo Caballero,py Paraguay,1.1,0,0,0,2,py,Paraguay,CONMEBOL,0,0.0
166,Juan Cáceres,py Paraguay,4.8,1,0,0,9,py,Paraguay,CONMEBOL,1,11.11111111111111
167,Sebastián Cáceres,uy Uruguay,3.0,0,0,0,2,uy,Uruguay,CONMEBOL,0,0.0
168,Jordy Caicedo,ec Ecuador,0.2,0,0,0,2,ec,Ecuador,CONMEBOL,0,0.0
169,Moisés Caicedo,ec Ecuador,4.0,1,0,0,5,ec,Ecuador,CONMEBOL,1,20.0
171,Hakan Çalhanoğlu,tr Türkiye,2.0,0,0,0,2,tr,Türkiye,UEFA,0,0.0
173,Jaminton Campaz,co Colombia,0.8,0,0,0,2,co,Colombia,CONMEBOL,0,0.0
175,José Canale,py Paraguay,1.8,0,0,0,1,py,Paraguay,CONMEBOL,0,0.0
176,João Cancelo,pt Portugal,3.5,0,0,0,6,pt,Portugal,UEFA,0,0.0
177,Agustín Canobbio,uy Uruguay,2.5,0,1,0,7,uy,Uruguay,CONMEBOL,1,14.285714285714285
178,Casemiro,br Brazil,4.2,2,0,0,6,br,Brazil,CONMEBOL,2,33.33333333333333
180,Timothy Castagne,be Belgium,5.3,1,0,0,7,be,Belgium,UEFA,1,14.285714285714285
183,Zeki Çelik,tr Türkiye,1.8,0,0,0,1,tr,Türkiye,UEFA,0,0.0
184,Lukáš Červ,cz Czechia,1.8,0,0,0,3,cz,Czechia,UEFA,0,0.0
187,Štěpán Chaloupek,cz Czechia,1.0,0,0,0,1,cz,Czechia,UEFA,0,0.0
193,Rayan Cherki,fr France,1.4,0,0,0,2,fr,France,UEFA,0,0.0
196,Tomáš Chorý,cz Czechia,0.3,0,0,0,2,cz,Czechia,UEFA,0,0.0
197,Ryan Christie,sct Scotland,1.1,1,0,0,2,sct,Scotland,UEFA,1,50.0
198,Carney Chukwuemeka,at Austria,0.9,0,0,0,2,at,Austria,UEFA,0,0.0
199,Mojmír Chytil,cz Czechia,0.1,0,0,0,1,cz,Czechia,UEFA,0,0.0
205,Francisco Conceição,pt Portugal,1.4,0,0,0,1,pt,Portugal,UEFA,0,0.0
206,Jhon Córdoba,co Colombia,1.1,0,0,0,1,co,Colombia,CONMEBOL,0,0.0
212,Vladimír Coufal,cz Czechia,3.0,0,0,0,4,cz,Czechia,UEFA,0,0.0
216,Pau Cubarsí,es Spain,8.3,1,0,0,4,es,Spain,UEFA,1,25.0
217,Andrés Cubas,py Paraguay,5.3,1,0,0,14,py,Paraguay,CONMEBOL,1,7.142857142857142
219,Marc Cucurella,es Spain,8.3,1,0,0,8,es,Spain,UEFA,1,12.5
220,Matheus Cunha,br Brazil,3.2,0,0,0,1,br,Brazil,CONMEBOL,0,0.0
221,Findlay Curtis,sct Scotland,0.1,1,0,0,1,sct,Scotland,UEFA,1,100.0
224,Danilo,br Brazil,4.5,2,0,0,7,br,Brazil,CONMEBOL,2,28.57142857142857
225,Kevin Danso,at Austria,2.7,0,0,0,1,at,Austria,UEFA,0,0.0
234,Kevin De Bruyne,be Belgium,4.2,1,0,0,2,be,Belgium,UEFA,1,50.0
235,Maxim De Cuyper,be Belgium,4.9,1,0,0,7,be,Belgium,UEFA,1,14.285714285714285
237,Charles De Ketelaere,be Belgium,3.9,0,0,0,2,be,Belgium,UEFA,0,0.0
238,Nicolás De La Cruz,uy Uruguay,1.0,1,0,0,2,uy,Uruguay,CONMEBOL,1,50.0
239,Rodrigo De Paul,ar Argentina,5.5,1,0,0,2,ar,Argentina,CONMEBOL,1,50.0
240,Amar Dedić,ba Bosnia–Herz,3.0,1,0,0,6,ba,Bosnia–Herz,UEFA,1,16.666666666666664
244,Merih Demiral,tr Türkiye,2.0,0,0,0,2,tr,Türkiye,UEFA,0,0.0
245,Ermedin Demirović,ba Bosnia–Herz,3.9,1,0,0,11,ba,Bosnia–Herz,UEFA,1,9.090909090909092
252,Rúben Dias,pt Portugal,4.0,1,0,0,6,pt,Portugal,UEFA,1,16.666666666666664
257,Luis Díaz,co Colombia,5.3,0,0,0,7,co,Colombia,CONMEBOL,0,0.0
259,Lucas Digne,fr France,5.1,0,0,0,7,fr,France,UEFA,0,0.0
266,Jeremy Doku,be Belgium,3.4,0,0,0,4,be,Belgium,UEFA,0,0.0
269,Désiré Doué,fr France,4.4,0,0,0,4,fr,France,UEFA,0,0.0
273,Denzel Dumfries,nl Netherlands,4.3,0,0,0,6,nl,Netherlands,UEFA,0,0.0
275,Lyndon Dykes,sct Scotland,0.4,0,0,0,2,sct,Scotland,UEFA,0,0.0
276,Edin Džeko,ba Bosnia–Herz,2.0,1,0,0,1,ba,Bosnia–Herz,UEFA,1,100.0
281,Eren Elmalı,tr Türkiye,1.2,1,0,0,2,tr,Türkiye,UEFA,1,50.0
282,Nico Elvedi,ch Switzerland,6.7,1,0,0,5,ch,Switzerland,UEFA,1,20.0
283,Breel Embolo,ch Switzerland,5.6,2,1,1,9,ch,Switzerland,UEFA,4,44.44444444444444
284,Julio Enciso,py Paraguay,4.3,0,0,0,3,py,Paraguay,CONMEBOL,0,0.0
285,Endrick,br Brazil,1.3,0,0,0,1,br,Brazil,CONMEBOL,0,0.0
288,Pervis Estupiñán,ec Ecuador,1.0,0,0,0,3,ec,Ecuador,CONMEBOL,0,0.0
293,Eberechi Eze,eng England,2.3,0,0,0,2,eng,England,UEFA,0,0.0
294,Fabinho,br Brazil,0.8,1,0,0,4,br,Brazil,CONMEBOL,1,25.0
305,João Félix,pt Portugal,2.2,0,0,0,3,pt,Portugal,UEFA,0,0.0
306,Lewis Ferguson,sct Scotland,3.0,0,0,0,5,sct,Scotland,UEFA,0,0.0
307,Bruno Fernandes,pt Portugal,4.7,0,0,0,2,pt,Portugal,UEFA,0,0.0
308,Enzo Fernández,ar Argentina,7.3,2,1,1,12,ar,Argentina,CONMEBOL,4,33.33333333333333
317,Alan Franco,ec Ecuador,2.8,2,0,0,7,ec,Ecuador,CONMEBOL,2,28.57142857142857
320,Remo Freuler,ch Switzerland,6.6,0,0,0,8,ch,Switzerland,UEFA,0,0.0
324,Cody Gakpo,nl Netherlands,4.1,0,0,0,3,nl,Netherlands,UEFA,0,0.0
325,Matías Galarza,py Paraguay,4.3,2,0,0,10,py,Paraguay,CONMEBOL,2,20.0
329,Ben Gannon-Doak,sct Scotland,2.1,0,0,0,3,sct,Scotland,UEFA,0,0.0
330,Eric García,es Spain,0.2,0,0,0,1,es,Spain,UEFA,0,0.0
331,Gavi,es Spain,0.8,0,0,0,2,es,Spain,UEFA,0,0.0
345,Diego Gómez,py Paraguay,3.4,2,0,0,5,py,Paraguay,CONMEBOL,2,40.0
346,Gustavo Gómez,py Paraguay,5.3,0,0,0,3,py,Paraguay,CONMEBOL,0,0.0
348,Nicolás González,ar Argentina,2.9,0,0,0,4,ar,Argentina,CONMEBOL,0,0.0
349,Anthony Gordon,eng England,4.4,0,0,0,4,eng,England,UEFA,0,0.0
354,Ryan Gravenberch,nl Netherlands,3.8,0,0,0,5,nl,Netherlands,UEFA,0,0.0
355,Michael Gregoritsch,at Austria,2.1,0,0,0,1,at,Austria,UEFA,0,0.0
356,Florian Grillitsch,at Austria,1.0,0,0,0,3,at,Austria,UEFA,0,0.0
357,Pascal Groß,de Germany,0.2,0,0,0,1,de,Germany,UEFA,0,0.0
358,Gabriel Gudmundsson,se Sweden,3.7,1,0,0,5,se,Sweden,UEFA,1,20.0
360,Marc Guéhi,eng England,7.4,1,0,0,4,eng,England,UEFA,1,25.0
364,Bruno Guimarães,br Brazil,4.6,0,0,0,4,br,Brazil,CONMEBOL,0,0.0
365,Deniz Gül,tr Türkiye,0.4,0,0,0,2,tr,Türkiye,UEFA,0,0.0
366,Arda Güler,tr Türkiye,3.0,0,0,0,3,tr,Türkiye,UEFA,0,0.0
368,Malo Gusto,fr France,1.3,0,0,0,4,fr,France,UEFA,0,0.0
371,Joško Gvardiol,hr Croatia,1.5,0,0,0,2,hr,Croatia,UEFA,0,0.0
372,Viktor Gyökeres,se Sweden,4.0,1,0,0,4,se,Sweden,UEFA,1,25.0
374,Erling Haaland,no Norway,5.2,0,0,0,5,no,Norway,UEFA,0,0.0
379,Dennis Hadžikadunić,ba Bosnia–Herz,0.3,0,0,0,1,ba,Bosnia–Herz,UEFA,0,0.0
389,Grant Hanley,sct Scotland,2.0,0,0,0,1,sct,Scotland,UEFA,0,0.0
400,Kai Havertz,de Germany,3.9,1,0,0,3,de,Germany,UEFA,1,33.33333333333333
402,Jan Paul van Hecke,nl Netherlands,4.3,0,0,0,4,nl,Netherlands,UEFA,0,0.0
404,Torbjørn Heggem,no Norway,4.9,0,0,0,2,no,Norway,UEFA,0,0.0
408,Jack Hendry,sct Scotland,3.0,0,0,0,1,sct,Scotland,UEFA,0,0.0
410,Theo Hernández,fr France,2.9,0,0,0,2,fr,France,UEFA,0,0.0
413,Aaron Hickey,sct Scotland,0.8,1,0,0,2,sct,Scotland,UEFA,1,50.0
414,Isak Hien,se Sweden,2.4,1,0,0,3,se,Sweden,UEFA,1,33.33333333333333
415,Piero Hincapié,ec Ecuador,3.8,1,1,0,5,ec,Ecuador,CONMEBOL,2,40.0
416,Adam Hložek,cz Czechia,1.7,0,0,0,4,cz,Czechia,UEFA,0,0.0
417,Tomáš Holeš,cz Czechia,1.7,0,0,0,2,cz,Czechia,UEFA,0,0.0
419,Robin Hranáč,cz Czechia,3.0,0,0,0,6,cz,Czechia,UEFA,0,0.0
426,Roger Ibanez,br Brazil,0.5,1,0,0,2,br,Brazil,CONMEBOL,1,50.0
434,Alexander Isak,se Sweden,4.0,0,0,0,4,se,Sweden,UEFA,0,0.0
442,Cedric Itten,ch Switzerland,0.5,0,0,0,4,ch,Switzerland,UEFA,0,0.0
447,Reece James,eng England,3.5,0,0,0,3,eng,England,UEFA,0,0.0
449,Luca Jaquez,ch Switzerland,0.9,0,0,0,3,ch,Switzerland,UEFA,0,0.0
450,Ardon Jashari,ch Switzerland,0.8,0,0,0,2,ch,Switzerland,UEFA,0,0.0
459,Frenkie de Jong,nl Netherlands,3.6,0,0,0,6,nl,Netherlands,UEFA,0,0.0
462,Vinicius Júnior,br Brazil,4.9,0,0,0,4,br,Brazil,CONMEBOL,0,0.0
466,Ozan Kabak,tr Türkiye,1.0,0,0,0,3,tr,Türkiye,UEFA,0,0.0
468,Kaku,py Paraguay,0.1,0,0,0,1,py,Paraguay,CONMEBOL,0,0.0
469,Saša Kalajdžić,at Austria,0.9,0,0,0,2,at,Austria,UEFA,0,0.0
473,Harry Kane,eng England,7.2,0,0,0,8,eng,England,UEFA,0,0.0
478,Jesper Karlström,se Sweden,1.5,0,0,0,3,se,Sweden,UEFA,0,0.0
480,Nikola Katić,ba Bosnia–Herz,3.5,1,0,0,4,ba,Bosnia–Herz,UEFA,1,25.0
494,Orkun Kökçü,tr Türkiye,1.7,0,0,0,2,tr,Türkiye,UEFA,0,0.0
495,Sead Kolašinac,ba Bosnia–Herz,3.7,0,0,0,6,ba,Bosnia–Herz,UEFA,0,0.0
497,Ibrahima Konaté,fr France,0.7,0,0,0,2,fr,France,UEFA,0,0.0
499,Manu Koné,fr France,4.3,1,0,0,6,fr,France,UEFA,1,16.666666666666664
500,Ezri Konsa,eng England,7.2,0,0,0,8,eng,England,UEFA,0,0.0
501,Teun Koopmeiners,nl Netherlands,1.4,0,0,0,3,nl,Netherlands,UEFA,0,0.0
504,Jules Koundé,fr France,6.7,0,0,0,6,fr,France,UEFA,0,0.0
505,Mateo Kovačić,hr Croatia,3.0,0,0,0,3,hr,Croatia,UEFA,0,0.0
508,Ladislav Krejčí,cz Czechia,3.0,1,0,0,6,cz,Czechia,UEFA,1,16.666666666666664
512,Maxence Lacroix,fr France,2.7,0,0,0,5,fr,France,UEFA,0,0.0
513,Gustaf Lagerbielke,se Sweden,4.0,0,0,0,1,se,Sweden,UEFA,0,0.0
514,Konrad Laimer,at Austria,4.0,1,0,0,6,at,Austria,UEFA,1,16.666666666666664
519,Aymeric Laporte,es Spain,8.1,1,0,0,5,es,Spain,UEFA,1,20.0
524,Rafael Leão,pt Portugal,1.8,0,0,0,1,pt,Portugal,UEFA,0,0.0
526,Jefferson Lerma,co Colombia,4.6,1,0,0,6,co,Colombia,CONMEBOL,1,16.666666666666664
529,Victor Lindelöf,se Sweden,4.0,0,0,0,3,se,Sweden,UEFA,0,0.0
533,Marcos Llorente,es Spain,2.1,0,0,0,2,es,Spain,UEFA,0,0.0
534,Giovani Lo Celso,ar Argentina,0.7,0,0,0,1,ar,Argentina,CONMEBOL,0,0.0
538,Flaco López,ar Argentina,0.2,1,0,0,1,ar,Argentina,CONMEBOL,1,100.0
540,Jhon Lucumí,co Colombia,5.3,1,0,0,5,co,Colombia,CONMEBOL,1,20.0
542,Romelu Lukaku,be Belgium,2.6,1,0,0,2,be,Belgium,UEFA,1,50.0
543,Dodi Lukebakio,be Belgium,1.8,0,0,0,1,be,Belgium,UEFA,0,0.0
544,Jovo Lukić,ba Bosnia–Herz,0.7,1,0,0,1,ba,Bosnia–Herz,UEFA,1,100.0
546,Alexis Mac Allister,ar Argentina,8.3,1,0,0,9,ar,Argentina,CONMEBOL,1,11.11111111111111
547,Deiver Machado,co Colombia,1.0,0,0,0,1,co,Colombia,CONMEBOL,0,0.0
550,Noni Madueke,eng England,3.2,0,0,0,2,eng,England,UEFA,0,0.0
552,Gabriel Magalhães,br Brazil,5.0,0,0,0,1,br,Brazil,CONMEBOL,0,0.0
553,Ermin Mahmić,ba Bosnia–Herz,0.8,1,0,0,1,ba,Bosnia–Herz,UEFA,1,100.0
561,Arjan Malic,ba Bosnia–Herz,0.5,0,0,0,1,ba,Bosnia–Herz,UEFA,0,0.0
565,Juan Manuel Sanabria,uy Uruguay,2.3,1,0,0,1,uy,Uruguay,CONMEBOL,1,100.0
566,Johan Manzambi,ch Switzerland,2.2,0,0,0,3,ch,Switzerland,UEFA,0,0.0
571,Gabriel Martinelli,br Brazil,1.6,0,0,0,4,br,Brazil,CONMEBOL,0,0.0
575,Lautaro Martínez,ar Argentina,3.4,1,0,0,8,ar,Argentina,CONMEBOL,1,12.5
576,Lisandro Martínez,ar Argentina,6.9,2,0,0,7,ar,Argentina,CONMEBOL,2,28.57142857142857
580,Igor Matanović,hr Croatia,1.1,0,0,0,4,hr,Croatia,UEFA,0,0.0
582,Jean-Philippe Mateta,fr France,0.3,0,0,0,1,fr,France,UEFA,0,0.0
583,Mauricio,py Paraguay,1.9,0,0,0,3,py,Paraguay,CONMEBOL,0,0.0
587,Kylian Mbappé,fr France,7.7,1,0,0,6,fr,France,UEFA,1,16.666666666666664
594,John McGinn,sct Scotland,2.9,0,0,0,2,sct,Scotland,UEFA,0,0.0
598,Kenny McLean,sct Scotland,1.3,1,0,0,1,sct,Scotland,UEFA,1,100.0
599,Scott McTominay,sct Scotland,3.0,0,0,0,3,sct,Scotland,UEFA,0,0.0
600,Brandon Mechele,be Belgium,6.3,1,0,0,9,be,Belgium,UEFA,1,11.11111111111111
601,Facundo Medina,ar Argentina,3.4,1,0,0,3,ar,Argentina,CONMEBOL,1,33.33333333333333
602,Yaimar Medina,ec Ecuador,0.5,0,0,0,1,ec,Ecuador,CONMEBOL,0,0.0
604,Amar Memić,ba Bosnia–Herz,2.5,0,0,0,4,ba,Bosnia–Herz,UEFA,0,0.0
605,Memphis,nl Netherlands,0.6,1,0,0,1,nl,Netherlands,UEFA,1,100.0
608,Nuno Mendes,pt Portugal,4.4,0,0,0,3,pt,Portugal,UEFA,0,0.0
612,Mikel Merino,es Spain,2.2,0,0,0,6,es,Spain,UEFA,0,0.0
613,Lionel Messi,ar Argentina,8.2,0,0,0,3,ar,Argentina,CONMEBOL,0,0.0
615,Thomas Meunier,be Belgium,2.1,0,0,0,9,be,Belgium,UEFA,0,0.0
621,Luka Modrić,hr Croatia,3.5,1,0,0,4,hr,Croatia,UEFA,1,25.0
626,Johan Mojica,co Colombia,4.3,1,0,0,1,co,Colombia,CONMEBOL,1,100.0
628,Nahuel Molina,ar Argentina,5.9,0,0,0,3,ar,Argentina,CONMEBOL,0,0.0
631,Gonzalo Montiel,ar Argentina,2.1,1,0,0,4,ar,Argentina,CONMEBOL,1,25.0
634,Diego Moreira,be Belgium,0.6,0,0,0,2,be,Belgium,UEFA,0,0.0
643,Tarik Muharemovic,ba Bosnia–Herz,2.9,0,1,0,5,ba,Bosnia–Herz,UEFA,1,20.0
644,Miro Muheim,ch Switzerland,1.0,1,0,0,1,ch,Switzerland,UEFA,1,100.0
646,Mert Müldür,tr Türkiye,1.1,0,0,0,1,tr,Türkiye,UEFA,0,0.0
647,Daniel Muñoz,co Colombia,4.4,0,0,0,9,co,Colombia,CONMEBOL,0,0.0
648,Petar Musa,hr Croatia,1.2,0,0,0,1,hr,Croatia,UEFA,0,0.0
649,Jamal Musiala,de Germany,3.0,1,0,0,5,de,Germany,UEFA,1,20.0
651,Phillipp Mwene,at Austria,1.6,0,0,0,1,at,Austria,UEFA,0,0.0
652,David Møller Wolfe,no Norway,4.8,0,0,0,7,no,Norway,UEFA,0,0.0
659,Dan Ndoye,ch Switzerland,4.5,0,0,0,5,ch,Switzerland,UEFA,0,0.0
663,Pedro Neto,pt Portugal,3.9,0,0,0,4,pt,Portugal,UEFA,0,0.0
665,João Neves,pt Portugal,4.3,0,0,0,1,pt,Portugal,UEFA,0,0.0
667,Neymar,br Brazil,0.4,1,0,0,1,br,Brazil,CONMEBOL,1,100.0
668,Nathan Ngoy,be Belgium,3.7,0,1,0,6,be,Belgium,UEFA,1,16.666666666666664
671,Felix Nmecha,de Germany,3.0,0,0,0,3,de,Germany,UEFA,0,0.0
676,Darwin Núñez,uy Uruguay,1.7,0,0,0,1,uy,Uruguay,CONMEBOL,0,0.0
677,Antonio Nusa,no Norway,3.5,1,0,0,1,no,Norway,UEFA,1,100.0
678,Benjamin Nygren,se Sweden,1.4,0,0,0,3,se,Sweden,UEFA,0,0.0
681,Nico O'Reilly,eng England,5.1,1,0,0,6,eng,England,UEFA,1,16.666666666666664
691,Michael Olise,fr France,7.2,1,0,0,5,fr,France,UEFA,1,20.0
692,Mathías Olivera,uy Uruguay,3.0,1,0,0,3,uy,Uruguay,CONMEBOL,1,33.33333333333333
693,Dani Olmo,es Spain,5.5,0,0,0,6,es,Spain,UEFA,0,0.0
696,Amadou Onana,be Belgium,1.2,0,0,0,1,be,Belgium,UEFA,0,0.0
699,Joel Ordóñez,ec Ecuador,2.5,0,0,0,1,ec,Ecuador,CONMEBOL,0,0.0
701,Nicolás Otamendi,ar Argentina,2.7,0,0,0,4,ar,Argentina,CONMEBOL,0,0.0
707,Mikel Oyarzabal,es Spain,6.7,0,0,0,4,es,Spain,UEFA,0,0.0
708,Salih Özcan,tr Türkiye,1.1,0,0,0,2,tr,Türkiye,UEFA,0,0.0
709,Willian Pacho,ec Ecuador,4.0,0,0,0,3,ec,Ecuador,CONMEBOL,0,0.0
710,Kendry Páez,ec Ecuador,0.1,1,0,0,1,ec,Ecuador,CONMEBOL,1,100.0
711,Exequiel Palacios,ar Argentina,1.0,0,0,0,1,ar,Argentina,CONMEBOL,0,0.0
712,Lucas Paquetá,br Brazil,2.6,0,0,0,3,br,Brazil,CONMEBOL,0,0.0
713,Leandro Paredes,ar Argentina,5.3,2,0,0,9,ar,Argentina,CONMEBOL,2,22.22222222222222
716,Mario Pašalić,hr Croatia,1.4,0,0,0,2,hr,Croatia,UEFA,0,0.0
717,Nathan Patterson,sct Scotland,2.1,0,0,0,2,sct,Scotland,UEFA,0,0.0
719,Aleksandar Pavlovic,de Germany,3.0,1,0,0,13,de,Germany,UEFA,1,7.6923076923076925
721,Nicolás Paz,ar Argentina,0.8,0,0,0,2,ar,Argentina,CONMEBOL,0,0.0
722,Marcus Pedersen,no Norway,2.6,0,0,0,3,no,Norway,UEFA,0,0.0
723,Pedri,es Spain,5.5,1,0,0,4,es,Spain,UEFA,1,25.0
727,Ivan Perišić,hr Croatia,4.0,2,0,0,4,hr,Croatia,UEFA,2,50.0
736,Yéremy Pino,es Spain,0.8,0,0,0,2,es,Spain,UEFA,0,0.0
737,Isidro Pitta,py Paraguay,0.5,0,0,0,2,py,Paraguay,CONMEBOL,0,0.0
739,Gonzalo Plata,ec Ecuador,4.0,1,0,0,5,ec,Ecuador,CONMEBOL,1,20.0
740,Marin Pongračić,hr Croatia,3.0,0,0,0,3,hr,Croatia,UEFA,0,0.0
741,Jackson Porozo,ec Ecuador,0.3,1,0,0,2,ec,Ecuador,CONMEBOL,1,50.0
742,Pedro Porro,es Spain,6.3,0,0,0,10,es,Spain,UEFA,0,0.0
743,Stefan Posch,at Austria,3.7,2,0,0,7,at,Austria,UEFA,2,28.57142857142857
747,Lukáš Provod,cz Czechia,1.4,0,0,0,2,cz,Czechia,UEFA,0,0.0
749,Gustavo Puerta,co Colombia,5.2,1,0,0,9,co,Colombia,CONMEBOL,1,11.11111111111111
752,Jarell Quansah,eng England,2.2,1,1,0,2,eng,England,UEFA,2,100.0
757,Adrien Rabiot,fr France,6.5,1,0,0,13,fr,France,UEFA,1,7.6923076923076925
758,Stjepan Radeljić,ba Bosnia–Herz,2.0,1,0,0,1,ba,Bosnia–Herz,UEFA,1,100.0
761,Anthony Ralston,sct Scotland,0.1,0,0,0,2,sct,Scotland,UEFA,0,0.0
766,Raphinha,br Brazil,1.4,0,0,0,1,br,Brazil,CONMEBOL,0,0.0
768,Marcus Rashford,eng England,2.5,0,0,0,5,eng,England,UEFA,0,0.0
769,Nicolas Raskin,be Belgium,3.8,0,0,0,12,be,Belgium,UEFA,0,0.0
770,David Raum,de Germany,1.2,0,0,0,2,de,Germany,UEFA,0,0.0
772,Rayan,br Brazil,3.2,0,0,0,5,br,Brazil,CONMEBOL,0,0.0
781,Declan Rice,eng England,6.2,2,0,0,4,eng,England,UEFA,2,50.0
783,Fabian Rieder,ch Switzerland,3.4,0,0,0,3,ch,Switzerland,UEFA,0,0.0
784,Richard Ríos,co Colombia,1.6,1,0,0,10,co,Colombia,CONMEBOL,1,10.0
786,Andy Robertson,sct Scotland,2.5,1,0,0,3,sct,Scotland,UEFA,1,33.33333333333333
790,Rodri,es Spain,8.0,0,0,0,11,es,Spain,UEFA,0,0.0
794,Kevin Rodríguez,ec Ecuador,1.3,0,0,0,3,ec,Ecuador,CONMEBOL,0,0.0
795,Ricardo Rodríguez,ch Switzerland,5.7,0,0,0,11,ch,Switzerland,UEFA,0,0.0
798,Morgan Rogers,eng England,3.8,0,0,0,5,eng,England,UEFA,0,0.0
799,Cristian Romero,ar Argentina,6.8,2,0,0,9,ar,Argentina,CONMEBOL,2,22.22222222222222
801,Cristiano Ronaldo,pt Portugal,4.9,0,0,0,2,pt,Portugal,UEFA,0,0.0
805,Antonio Rüdiger,de Germany,2.9,0,0,0,1,de,Germany,UEFA,0,0.0
806,Fabián Ruiz Peña,es Spain,3.6,0,0,0,1,es,Spain,UEFA,0,0.0
808,Julian Ryerson,no Norway,2.5,0,0,0,6,no,Norway,UEFA,0,0.0
813,Marcel Sabitzer,at Austria,4.0,1,0,0,2,at,Austria,UEFA,1,50.0
818,Bukayo Saka,eng England,4.0,0,0,0,4,eng,England,UEFA,0,0.0
822,William Saliba,fr France,5.3,0,0,0,4,fr,France,UEFA,0,0.0
824,Antonio Sanabria,py Paraguay,0.9,0,0,0,1,py,Paraguay,CONMEBOL,0,0.0
825,Davinson Sánchez,co Colombia,5.3,1,0,0,6,co,Colombia,CONMEBOL,1,16.666666666666664
827,Alex Sandro,br Brazil,0.1,0,0,0,1,br,Brazil,CONMEBOL,0,0.0
828,Leroy Sané,de Germany,3.6,0,0,0,3,de,Germany,UEFA,0,0.0
832,Douglas Santos,br Brazil,4.9,1,0,0,3,br,Brazil,CONMEBOL,1,33.33333333333333
838,Patrik Schick,cz Czechia,2.0,0,0,0,1,cz,Czechia,UEFA,0,0.0
839,Andreas Schjelderup,no Norway,2.8,0,0,0,2,no,Norway,UEFA,0,0.0
841,Xaver Schlager,at Austria,2.6,0,0,0,6,at,Austria,UEFA,0,0.0
842,Nico Schlotterbeck,de Germany,1.5,0,0,0,2,de,Germany,UEFA,0,0.0
843,Romano Schmid,at Austria,2.9,0,0,0,3,at,Austria,UEFA,0,0.0
847,Nicolas Seiwald,at Austria,3.5,0,0,0,1,at,Austria,UEFA,0,0.0
851,Nélson Semedo,pt Portugal,1.4,1,0,0,2,pt,Portugal,UEFA,1,50.0
863,Lawrence Shankland,sct Scotland,1.9,0,0,0,5,sct,Scotland,UEFA,0,0.0
873,Bernardo Silva,pt Portugal,1.1,2,0,0,3,pt,Portugal,UEFA,2,66.66666666666666
874,Éderson Silva,br Brazil,0.2,0,0,0,1,br,Brazil,CONMEBOL,0,0.0
875,Giuliano Simeone,ar Argentina,2.1,0,0,0,9,ar,Argentina,CONMEBOL,0,0.0
884,Tomáš Souček,cz Czechia,1.5,0,0,0,3,cz,Czechia,UEFA,0,0.0
886,Djibril Sow,ch Switzerland,2.8,0,0,0,5,ch,Switzerland,UEFA,0,0.0
888,Djed Spence,eng England,4.5,0,0,0,3,eng,England,UEFA,0,0.0
894,John Stones,eng England,3.7,0,0,0,1,eng,England,UEFA,0,0.0
896,Elliot Stroud,se Sweden,1.8,0,0,0,3,se,Sweden,UEFA,0,0.0
897,Luis Suárez,co Colombia,3.7,1,0,0,7,co,Colombia,CONMEBOL,1,14.285714285714285
899,Petar Sučić,hr Croatia,3.2,1,0,0,7,hr,Croatia,UEFA,1,14.285714285714285
902,Pavel Šulc,cz Czechia,2.1,0,0,0,2,cz,Czechia,UEFA,0,0.0
904,Crysencio Summerville,nl Netherlands,2.8,1,0,0,2,nl,Netherlands,UEFA,1,50.0
905,Ivan Šunjić,ba Bosnia–Herz,2.2,0,0,0,7,ba,Bosnia–Herz,UEFA,0,0.0
907,Josip Šutalo,hr Croatia,4.0,0,0,0,2,hr,Croatia,UEFA,0,0.0
913,Alexander Sørloth,no Norway,3.7,0,0,0,6,no,Norway,UEFA,0,0.0
917,Nicolás Tagliafico,ar Argentina,5.3,0,0,0,9,ar,Argentina,CONMEBOL,0,0.0
918,Jonathan Tah,de Germany,4.1,0,0,0,5,de,Germany,UEFA,0,0.0
919,Benjamin Tahirovic,ba Bosnia–Herz,2.6,0,0,0,3,ba,Bosnia–Herz,UEFA,0,0.0
927,Aurélien Tchouaméni,fr France,4.0,1,0,0,4,fr,France,UEFA,1,25.0
928,Arthur Theate,be Belgium,2.5,0,0,0,1,be,Belgium,UEFA,0,0.0
929,Igor Thiago,br Brazil,0.7,0,0,0,2,br,Brazil,CONMEBOL,0,0.0
930,Malick Thiaw,de Germany,0.5,0,0,0,1,de,Germany,UEFA,0,0.0
933,Morten Thorsby,no Norway,0.5,0,0,0,1,no,Norway,UEFA,0,0.0
934,Kristian Thorstvedt,no Norway,0.7,0,0,0,2,no,Norway,UEFA,0,0.0
936,Youri Tielemans,be Belgium,5.3,0,0,0,7,be,Belgium,UEFA,0,0.0
937,Kieran Tierney,sct Scotland,1.2,0,0,0,3,sct,Scotland,UEFA,0,0.0
945,Ferran Torres,es Spain,3.2,1,0,0,6,es,Spain,UEFA,1,16.666666666666664
952,Leandro Trossard,be Belgium,5.6,0,0,0,4,be,Belgium,UEFA,0,0.0
957,Manuel Ugarte,uy Uruguay,2.0,0,0,0,1,uy,Uruguay,CONMEBOL,0,0.0
958,Deniz Undav,de Germany,1.7,0,0,0,3,de,Germany,UEFA,0,0.0
959,Dayot Upamecano,fr France,7.3,0,0,0,7,fr,France,UEFA,0,0.0
963,Enner Valencia,ec Ecuador,3.2,0,0,0,4,ec,Ecuador,CONMEBOL,0,0.0
965,Federico Valverde,uy Uruguay,2.6,0,0,0,1,uy,Uruguay,CONMEBOL,0,0.0
966,Virgil van Dijk,nl Netherlands,4.3,0,0,0,2,nl,Netherlands,UEFA,0,0.0
968,Guillermo Varela,uy Uruguay,3.0,1,0,0,1,uy,Uruguay,CONMEBOL,1,100.0
972,Ruben Vargas,ch Switzerland,3.2,0,0,0,6,ch,Switzerland,UEFA,0,0.0
976,Renato Veiga,pt Portugal,5.0,2,0,0,5,pt,Portugal,UEFA,2,40.0
977,Gustavo Velásquez,py Paraguay,2.7,0,0,0,2,py,Paraguay,CONMEBOL,0,0.0
979,Micky van de Ven,nl Netherlands,2.9,1,0,0,5,nl,Netherlands,UEFA,1,20.0
982,Federico Viñas,uy Uruguay,2.1,0,0,0,3,uy,Uruguay,CONMEBOL,0,0.0
984,Pedro Vite,ec Ecuador,4.0,0,0,0,2,ec,Ecuador,CONMEBOL,0,0.0
985,Vitinha,pt Portugal,4.2,0,0,0,4,pt,Portugal,UEFA,0,0.0
986,Nikola Vlašić,hr Croatia,2.1,0,0,0,5,hr,Croatia,UEFA,0,0.0
990,Luka Vušković,hr Croatia,0.7,0,0,0,1,hr,Croatia,UEFA,0,0.0
993,Paul Wanner,at Austria,2.6,0,0,0,4,at,Austria,UEFA,0,0.0
996,Ollie Watkins,eng England,0.6,0,0,0,1,eng,England,UEFA,0,0.0
998,Wout Weghorst,nl Netherlands,0.6,0,0,0,1,nl,Netherlands,UEFA,0,0.0
1000,Silvan Widmer,ch Switzerland,1.9,0,0,0,2,ch,Switzerland,UEFA,0,0.0
1002,Nico Williams,es Spain,1.3,0,0,0,2,es,Spain,UEFA,0,0.0
1004,Patrick Wimmer,at Austria,0.2,0,0,0,3,at,Austria,UEFA,0,0.0
1005,Florian Wirtz,de Germany,4.0,0,0,0,1,de,Germany,UEFA,0,0.0
1007,Axel Witsel,be Belgium,0.4,1,0,0,2,be,Belgium,UEFA,1,50.0
1011,Granit Xhaka,ch Switzerland,6.7,2,0,0,4,ch,Switzerland,UEFA,2,50.0
1013,Lamine Yamal,es Spain,6.8,0,0,0,14,es,Spain,UEFA,0,0.0
1018,Kenan Yıldız,tr Türkiye,2.4,0,0,0,2,tr,Türkiye,UEFA,0,0.0
1024,İsmail Yüksek,tr Türkiye,1.5,0,0,0,2,tr,Türkiye,UEFA,0,0.0
1026,Warren Zaïre-Emery,fr France,1.2,0,0,0,1,fr,France,UEFA,0,0.0
1027,Denis Zakaria,ch Switzerland,4.0,2,0,0,4,ch,Switzerland,UEFA,2,50.0
1030,Besfort Zeneli,se Sweden,0.7,0,0,0,1,se,Sweden,UEFA,0,0.0
1038,Martin Ødegaard,no Norway,5.2,0,0,0,3,no,Norway,UEFA,0,0.0
1039,Leo Østigård,no Norway,1.6,0,0,0,2,no,Norway,UEFA,0,0.0
