No,Player,Country,Confederation,Pos,Pos_main,90s,TklW,TklW_90
1,Kristoffer Ajer,Norway,UEFA,DF,DF,5.3,8,1.509
2,Manuel Akanji,Switzerland,UEFA,DF,DF,6.7,9,1.343
3,David Alaba,Austria,UEFA,DF,DF,3.1,1,0.323
4,Kerim Alajbegović,Bosnia–Herz,UEFA,MF,MF,3.1,0,0.0
5,Omar Alderete,Paraguay,CONMEBOL,DF,DF,3.6,0,0.0
6,Thiago Almada,Argentina,CONMEBOL,MF,MF,2.7,4,1.481
7,Miguel Almirón,Paraguay,CONMEBOL,MFFW,MF,3.1,7,2.258
8,Júnior Alonso,Paraguay,CONMEBOL,DF,DF,4.3,9,2.093
9,Barış Alper Yılmaz,Türkiye,UEFA,MFFW,MF,2.0,0,0.0
10,Julián Álvarez,Argentina,CONMEBOL,FW,FW,6.7,4,0.597
11,Elliot Anderson,England,UEFA,MF,MF,7.0,18,2.571
12,Nilson Angulo,Ecuador,CONMEBOL,MF,MF,2.4,1,0.417
13,Maxi Araújo,Uruguay,CONMEBOL,FWMF,FW,2.8,0,0.0
14,Jhon Arias,Colombia,CONMEBOL,MF,MF,4.2,9,2.143
15,Fredrik Aursnes,Norway,UEFA,MFDF,MF,3.4,8,2.353
16,Yasin Ayari,Sweden,UEFA,MF,MF,3.8,4,1.053
17,Álex Baena,Spain,UEFA,MFFW,MF,5.3,5,0.943
18,Esmir Bajraktarevic,Bosnia–Herz,UEFA,MF,MF,2.6,0,0.0
19,Bradley Barcola,France,UEFA,MF,MF,4.3,4,0.93
20,Abdülkerim Bardakcı,Türkiye,UEFA,DF,DF,2.9,5,1.724
21,Ivan Bašić,Bosnia–Herz,UEFA,MF,MF,2.0,1,0.5
22,Martin Baturina,Croatia,UEFA,MFFW,MF,3.6,2,0.556
23,Jude Bellingham,England,UEFA,MF,MF,6.8,10,1.471
24,Rodrigo Bentancur,Uruguay,CONMEBOL,MF,MF,3.0,5,1.667
25,Patrick Berg,Norway,UEFA,MF,MF,4.9,7,1.429
26,Sander Berge,Norway,UEFA,MF,MF,5.3,4,0.755
27,Lucas Bergvall,Sweden,UEFA,MF,MF,2.0,2,1.0
28,Alexander Bernhardsson,Sweden,UEFA,MF,MF,2.4,2,0.833
29,Damián Bobadilla,Paraguay,CONMEBOL,MF,MF,2.1,3,1.429
30,Oscar Bobb,Norway,UEFA,FW,FW,2.5,3,1.2
31,Brian Brobbey,Netherlands,UEFA,FW,FW,2.5,1,0.4
32,Nathaniel Brown,Germany,UEFA,DF,DF,3.1,6,1.935
33,Juan Cáceres,Paraguay,CONMEBOL,DF,DF,4.8,11,2.292
34,Sebastián Cáceres,Uruguay,CONMEBOL,DF,DF,3.0,1,0.333
35,Moisés Caicedo,Ecuador,CONMEBOL,MF,MF,4.0,6,1.5
36,Hakan Çalhanoğlu,Türkiye,UEFA,MF,MF,2.0,3,1.5
37,João Cancelo,Portugal,UEFA,DF,DF,3.5,4,1.143
38,Agustín Canobbio,Uruguay,CONMEBOL,FW,FW,2.5,3,1.2
39,Casemiro,Brazil,CONMEBOL,MF,MF,4.2,5,1.19
40,Timothy Castagne,Belgium,UEFA,DF,DF,5.3,7,1.321
41,Vladimír Coufal,Czechia,UEFA,MFDF,MF,3.0,1,0.333
42,Pau Cubarsí,Spain,UEFA,DF,DF,8.3,4,0.482
43,Andrés Cubas,Paraguay,CONMEBOL,MF,MF,5.3,13,2.453
44,Marc Cucurella,Spain,UEFA,DF,DF,8.3,4,0.482
45,Matheus Cunha,Brazil,CONMEBOL,FW,FW,3.2,3,0.938
46,Danilo,Brazil,CONMEBOL,DF,DF,4.5,2,0.444
47,Kevin Danso,Austria,UEFA,DF,DF,2.7,1,0.37
48,Kevin De Bruyne,Belgium,UEFA,MF,MF,4.2,2,0.476
49,Maxim De Cuyper,Belgium,UEFA,DF,DF,4.9,2,0.408
50,Charles De Ketelaere,Belgium,UEFA,FWMF,FW,3.9,4,1.026
51,Rodrigo De Paul,Argentina,CONMEBOL,MF,MF,5.5,4,0.727
52,Amar Dedić,Bosnia–Herz,UEFA,DF,DF,3.0,7,2.333
53,Ousmane Dembélé,France,UEFA,MF,MF,6.6,2,0.303
54,Merih Demiral,Türkiye,UEFA,DF,DF,2.0,1,0.5
55,Ermedin Demirović,Bosnia–Herz,UEFA,FW,FW,3.9,1,0.256
56,Rúben Dias,Portugal,UEFA,DF,DF,4.0,3,0.75
57,Luis Díaz,Colombia,CONMEBOL,FWMF,FW,5.3,0,0.0
58,Lucas Digne,France,UEFA,DF,DF,5.1,3,0.588
59,Jeremy Doku,Belgium,UEFA,MF,MF,3.4,1,0.294
60,Désiré Doué,France,UEFA,MF,MF,4.4,6,1.364
61,Denzel Dumfries,Netherlands,UEFA,DFMF,DF,4.3,6,1.395
62,Edin Džeko,Bosnia–Herz,UEFA,FW,FW,2.0,0,0.0
63,Anthony Elanga,Sweden,UEFA,MFFW,MF,2.4,0,0.0
64,Nico Elvedi,Switzerland,UEFA,DF,DF,6.7,2,0.299
65,Breel Embolo,Switzerland,UEFA,FW,FW,5.6,0,0.0
66,Julio Enciso,Paraguay,CONMEBOL,FW,FW,4.3,5,1.163
67,Eberechi Eze,England,UEFA,MF,MF,2.3,0,0.0
68,João Félix,Portugal,UEFA,MF,MF,2.2,4,1.818
69,Lewis Ferguson,Scotland,UEFA,MF,MF,3.0,7,2.333
70,Bruno Fernandes,Portugal,UEFA,MF,MF,4.7,5,1.064
71,Enzo Fernández,Argentina,CONMEBOL,MF,MF,7.3,7,0.959
72,Alan Franco,Ecuador,CONMEBOL,DF,DF,2.8,6,2.143
73,Remo Freuler,Switzerland,UEFA,MF,MF,6.6,5,0.758
74,Cody Gakpo,Netherlands,UEFA,FW,FW,4.1,1,0.244
75,Matías Galarza,Paraguay,CONMEBOL,MF,MF,4.3,11,2.558
76,Ben Gannon-Doak,Scotland,UEFA,MF,MF,2.1,1,0.476
77,Diego Gómez,Paraguay,CONMEBOL,MF,MF,3.4,6,1.765
78,Gustavo Gómez,Paraguay,CONMEBOL,DF,DF,5.3,3,0.566
79,Nicolás González,Argentina,CONMEBOL,MF,MF,2.9,3,1.034
80,Anthony Gordon,England,UEFA,MF,MF,4.4,3,0.682
81,Ryan Gravenberch,Netherlands,UEFA,MF,MF,3.8,1,0.263
82,Michael Gregoritsch,Austria,UEFA,FW,FW,2.1,0,0.0
83,Gabriel Gudmundsson,Sweden,UEFA,MFDF,MF,3.7,3,0.811
84,Marc Guéhi,England,UEFA,DF,DF,7.4,1,0.135
85,Bruno Guimarães,Brazil,CONMEBOL,MF,MF,4.6,6,1.304
86,Arda Güler,Türkiye,UEFA,MF,MF,3.0,3,1.0
87,Viktor Gyökeres,Sweden,UEFA,FW,FW,4.0,1,0.25
88,Erling Haaland,Norway,UEFA,FW,FW,5.2,0,0.0
89,Grant Hanley,Scotland,UEFA,DF,DF,2.0,2,1.0
90,Kai Havertz,Germany,UEFA,FW,FW,3.9,2,0.513
91,Jan Paul van Hecke,Netherlands,UEFA,DF,DF,4.3,3,0.698
92,Torbjørn Heggem,Norway,UEFA,DF,DF,4.9,7,1.429
93,Jack Hendry,Scotland,UEFA,DF,DF,3.0,2,0.667
94,Theo Hernández,France,UEFA,DF,DF,2.9,1,0.345
95,Isak Hien,Sweden,UEFA,DF,DF,2.4,3,1.25
96,Piero Hincapié,Ecuador,CONMEBOL,DF,DF,3.8,5,1.316
97,Robin Hranáč,Czechia,UEFA,DF,DF,3.0,0,0.0
98,Alexander Isak,Sweden,UEFA,FW,FW,4.0,2,0.5
99,Reece James,England,UEFA,DF,DF,3.5,3,0.857
100,Frenkie de Jong,Netherlands,UEFA,MF,MF,3.6,7,1.944
101,Vinicius Júnior,Brazil,CONMEBOL,FW,FW,4.9,1,0.204
102,Harry Kane,England,UEFA,FW,FW,7.2,3,0.417
103,Nikola Katić,Bosnia–Herz,UEFA,DF,DF,3.5,6,1.714
104,Joshua Kimmich,Germany,UEFA,DF,DF,3.9,4,1.026
105,Sead Kolašinac,Bosnia–Herz,UEFA,DF,DF,3.7,6,1.622
106,Manu Koné,France,UEFA,MF,MF,4.3,5,1.163
107,Ezri Konsa,England,UEFA,DF,DF,7.2,5,0.694
108,Jules Koundé,France,UEFA,DF,DF,6.7,8,1.194
109,Mateo Kovačić,Croatia,UEFA,MF,MF,3.0,3,1.0
110,Ladislav Krejčí,Czechia,UEFA,DF,DF,3.0,3,1.0
111,Maxence Lacroix,France,UEFA,DF,DF,2.7,2,0.741
112,Gustaf Lagerbielke,Sweden,UEFA,DF,DF,4.0,5,1.25
113,Konrad Laimer,Austria,UEFA,MFDF,MF,4.0,6,1.5
114,Aymeric Laporte,Spain,UEFA,DF,DF,8.1,3,0.37
115,Jefferson Lerma,Colombia,CONMEBOL,MF,MF,4.6,1,0.217
116,Philipp Lienhart,Austria,UEFA,DF,DF,2.0,1,0.5
117,Victor Lindelöf,Sweden,UEFA,DFMF,DF,4.0,1,0.25
118,Marcos Llorente,Spain,UEFA,DF,DF,2.1,6,2.857
119,Jhon Lucumí,Colombia,CONMEBOL,DF,DF,5.3,2,0.377
120,Romelu Lukaku,Belgium,UEFA,FW,FW,2.6,0,0.0
121,Alexis Mac Allister,Argentina,CONMEBOL,MF,MF,8.3,12,1.446
122,Noni Madueke,England,UEFA,MF,MF,3.2,4,1.25
123,Gabriel Magalhães,Brazil,CONMEBOL,DF,DF,5.0,2,0.4
124,Donyell Malen,Netherlands,UEFA,FW,FW,2.1,0,0.0
125,Juan Manuel Sanabria,Uruguay,CONMEBOL,DF,DF,2.3,4,1.739
126,Johan Manzambi,Switzerland,UEFA,MFFW,MF,2.2,0,0.0
127,Marquinhos,Brazil,CONMEBOL,DF,DF,5.0,2,0.4
128,Lautaro Martínez,Argentina,CONMEBOL,FW,FW,3.4,1,0.294
129,Lisandro Martínez,Argentina,CONMEBOL,DF,DF,6.9,7,1.014
130,Kylian Mbappé,France,UEFA,FW,FW,7.7,1,0.13
131,John McGinn,Scotland,UEFA,MF,MF,2.9,0,0.0
132,Scott McTominay,Scotland,UEFA,MF,MF,3.0,2,0.667
133,Brandon Mechele,Belgium,UEFA,DF,DF,6.3,4,0.635
134,Facundo Medina,Argentina,CONMEBOL,DF,DF,3.4,7,2.059
135,Amar Memić,Bosnia–Herz,UEFA,MF,MF,2.5,2,0.8
136,Nuno Mendes,Portugal,UEFA,DF,DF,4.4,6,1.364
137,Mikel Merino,Spain,UEFA,MF,MF,2.2,2,0.909
138,Lionel Messi,Argentina,CONMEBOL,FW,FW,8.2,10,1.22
139,Thomas Meunier,Belgium,UEFA,DF,DF,2.1,2,0.952
140,Luka Modrić,Croatia,UEFA,MF,MF,3.5,3,0.857
141,Johan Mojica,Colombia,CONMEBOL,DF,DF,4.3,3,0.698
142,Nahuel Molina,Argentina,CONMEBOL,DF,DF,5.9,3,0.508
143,Gonzalo Montiel,Argentina,CONMEBOL,DF,DF,2.1,3,1.429
144,Tarik Muharemovic,Bosnia–Herz,UEFA,DF,DF,2.9,1,0.345
145,Daniel Muñoz,Colombia,CONMEBOL,DF,DF,4.4,3,0.682
146,Jamal Musiala,Germany,UEFA,MF,MF,3.0,5,1.667
147,David Møller Wolfe,Norway,UEFA,DF,DF,4.8,3,0.625
148,Dan Ndoye,Switzerland,UEFA,MFFW,MF,4.5,5,1.111
149,Pedro Neto,Portugal,UEFA,MF,MF,3.9,2,0.513
150,João Neves,Portugal,UEFA,MF,MF,4.3,7,1.628
151,Nathan Ngoy,Belgium,UEFA,DF,DF,3.7,4,1.081
152,Felix Nmecha,Germany,UEFA,MF,MF,3.0,9,3.0
153,Antonio Nusa,Norway,UEFA,FW,FW,3.5,2,0.571
154,Nico O'Reilly,England,UEFA,DF,DF,5.1,3,0.588
155,Michael Olise,France,UEFA,MF,MF,7.2,8,1.111
156,Mathías Olivera,Uruguay,CONMEBOL,DF,DF,3.0,4,1.333
157,Dani Olmo,Spain,UEFA,MF,MF,5.5,5,0.909
158,Joel Ordóñez,Ecuador,CONMEBOL,DF,DF,2.5,5,2.0
159,Nicolás Otamendi,Argentina,CONMEBOL,DF,DF,2.7,2,0.741
160,Mikel Oyarzabal,Spain,UEFA,FW,FW,6.7,5,0.746
161,Willian Pacho,Ecuador,CONMEBOL,DF,DF,4.0,2,0.5
162,Lucas Paquetá,Brazil,CONMEBOL,MF,MF,2.6,4,1.538
163,Leandro Paredes,Argentina,CONMEBOL,MF,MF,5.3,6,1.132
164,Nathan Patterson,Scotland,UEFA,DF,DF,2.1,2,0.952
165,Aleksandar Pavlovic,Germany,UEFA,MF,MF,3.0,3,1.0
166,Marcus Pedersen,Norway,UEFA,DF,DF,2.6,2,0.769
167,Pedri,Spain,UEFA,MF,MF,5.5,8,1.455
168,Ivan Perišić,Croatia,UEFA,MFDF,MF,4.0,4,1.0
169,Gonzalo Plata,Ecuador,CONMEBOL,FW,FW,4.0,5,1.25
170,Marin Pongračić,Croatia,UEFA,DF,DF,3.0,3,1.0
171,Pedro Porro,Spain,UEFA,DF,DF,6.3,11,1.746
172,Stefan Posch,Austria,UEFA,DF,DF,3.7,4,1.081
173,Gustavo Puerta,Colombia,CONMEBOL,MF,MF,5.2,3,0.577
174,Jarell Quansah,England,UEFA,DF,DF,2.2,0,0.0
175,Adrien Rabiot,France,UEFA,MF,MF,6.5,7,1.077
176,Stjepan Radeljić,Bosnia–Herz,UEFA,DF,DF,2.0,1,0.5
177,Marcus Rashford,England,UEFA,MF,MF,2.5,2,0.8
178,Nicolas Raskin,Belgium,UEFA,MF,MF,3.8,5,1.316
179,Rayan,Brazil,CONMEBOL,FWMF,FW,3.2,4,1.25
180,Tijjani Reijnders,Netherlands,UEFA,MF,MF,2.2,0,0.0
181,Declan Rice,England,UEFA,MF,MF,6.2,3,0.484
182,Fabian Rieder,Switzerland,UEFA,MFFW,MF,3.4,3,0.882
183,Andy Robertson,Scotland,UEFA,DF,DF,2.5,1,0.4
184,Rodri,Spain,UEFA,MF,MF,8.0,20,2.5
185,James Rodríguez,Colombia,CONMEBOL,FWMF,FW,3.5,1,0.286
186,Ricardo Rodríguez,Switzerland,UEFA,DF,DF,5.7,7,1.228
187,Morgan Rogers,England,UEFA,MF,MF,3.8,3,0.789
188,Cristian Romero,Argentina,CONMEBOL,DF,DF,6.8,10,1.471
189,Cristiano Ronaldo,Portugal,UEFA,FW,FW,4.9,1,0.204
190,Antonio Rüdiger,Germany,UEFA,DF,DF,2.9,0,0.0
191,Fabián Ruiz Peña,Spain,UEFA,MF,MF,3.6,3,0.833
192,Julian Ryerson,Norway,UEFA,DF,DF,2.5,8,3.2
193,Marcel Sabitzer,Austria,UEFA,MF,MF,4.0,2,0.5
194,Michal Sadílek,Czechia,UEFA,MF,MF,2.0,2,1.0
195,Bukayo Saka,England,UEFA,MF,MF,4.0,7,1.75
196,William Saliba,France,UEFA,DF,DF,5.3,0,0.0
197,Davinson Sánchez,Colombia,CONMEBOL,DF,DF,5.3,2,0.377
198,Leroy Sané,Germany,UEFA,MF,MF,3.6,3,0.833
199,Douglas Santos,Brazil,CONMEBOL,DF,DF,4.9,10,2.041
200,Patrik Schick,Czechia,UEFA,FW,FW,2.0,0,0.0
201,Andreas Schjelderup,Norway,UEFA,FW,FW,2.8,3,1.071
202,Xaver Schlager,Austria,UEFA,MF,MF,2.6,3,1.154
203,Romano Schmid,Austria,UEFA,MFFW,MF,2.9,4,1.379
204,Nicolas Seiwald,Austria,UEFA,MF,MF,3.5,5,1.429
205,Giuliano Simeone,Argentina,CONMEBOL,FW,FW,2.1,3,1.429
206,Djibril Sow,Switzerland,UEFA,MF,MF,2.8,1,0.357
207,Djed Spence,England,UEFA,DF,DF,4.5,10,2.222
208,Josip Stanišić,Croatia,UEFA,DFMF,DF,4.0,2,0.5
209,John Stones,England,UEFA,DF,DF,3.7,0,0.0
210,Luis Suárez,Colombia,CONMEBOL,FW,FW,3.7,4,1.081
211,Petar Sučić,Croatia,UEFA,MFFW,MF,3.2,2,0.625
212,Pavel Šulc,Czechia,UEFA,FW,FW,2.1,2,0.952
213,Crysencio Summerville,Netherlands,UEFA,FW,FW,2.8,2,0.714
214,Ivan Šunjić,Bosnia–Herz,UEFA,MF,MF,2.2,3,1.364
215,Josip Šutalo,Croatia,UEFA,DF,DF,4.0,4,1.0
216,Alexander Sørloth,Norway,UEFA,FW,FW,3.7,1,0.27
217,Nicolás Tagliafico,Argentina,CONMEBOL,DF,DF,5.3,4,0.755
218,Jonathan Tah,Germany,UEFA,DF,DF,4.1,3,0.732
219,Benjamin Tahirovic,Bosnia–Herz,UEFA,MF,MF,2.6,4,1.538
220,Aurélien Tchouaméni,France,UEFA,MF,MF,4.0,14,3.5
221,Arthur Theate,Belgium,UEFA,DF,DF,2.5,0,0.0
222,Youri Tielemans,Belgium,UEFA,MF,MF,5.3,6,1.132
223,Ferran Torres,Spain,UEFA,FW,FW,3.2,0,0.0
224,Leandro Trossard,Belgium,UEFA,MFFW,MF,5.6,1,0.179
225,Manuel Ugarte,Uruguay,CONMEBOL,MF,MF,2.0,1,0.5
226,Dayot Upamecano,France,UEFA,DF,DF,7.3,12,1.644
227,Enner Valencia,Ecuador,CONMEBOL,FW,FW,3.2,1,0.312
228,Federico Valverde,Uruguay,CONMEBOL,MF,MF,2.6,2,0.769
229,Virgil van Dijk,Netherlands,UEFA,DF,DF,4.3,1,0.233
230,Hans Vanaken,Belgium,UEFA,MF,MF,3.5,1,0.286
231,Guillermo Varela,Uruguay,CONMEBOL,DF,DF,3.0,1,0.333
232,Ruben Vargas,Switzerland,UEFA,MF,MF,3.2,2,0.625
233,Renato Veiga,Portugal,UEFA,DF,DF,5.0,1,0.2
234,Gustavo Velásquez,Paraguay,CONMEBOL,DF,DF,2.7,1,0.37
235,Micky van de Ven,Netherlands,UEFA,DFMF,DF,2.9,3,1.034
236,Federico Viñas,Uruguay,CONMEBOL,FW,FW,2.1,2,0.952
237,Pedro Vite,Ecuador,CONMEBOL,MF,MF,4.0,11,2.75
238,Vitinha,Portugal,UEFA,MF,MF,4.2,0,0.0
239,Nikola Vlašić,Croatia,UEFA,MF,MF,2.1,2,0.952
240,Paul Wanner,Austria,UEFA,MF,MF,2.6,1,0.385
241,Florian Wirtz,Germany,UEFA,MF,MF,4.0,6,1.5
242,Granit Xhaka,Switzerland,UEFA,MF,MF,6.7,4,0.597
243,Lamine Yamal,Spain,UEFA,MFFW,MF,6.8,9,1.324
244,John Yeboah,Ecuador,CONMEBOL,MF,MF,3.5,3,0.857
245,Kenan Yıldız,Türkiye,UEFA,MF,MF,2.4,2,0.833
246,Denis Zakaria,Switzerland,UEFA,DF,DF,4.0,5,1.25
247,Martin Ødegaard,Norway,UEFA,MF,MF,5.2,4,0.769
